name,seqid,start,end,strand,length,coverage_pct,avg_identity,quality_score,status
dnaN,NZ_CP113945.1,176,1306,+,1131,100.0,100.0,100.0,complete
WP_277140976.1,NZ_CP113945.1,176,1306,+,1131,100.0,100.0,100.0,complete
yaaA,NZ_CP113945.1,1523,1744,+,222,100.0,100.0,100.0,complete
WP_277130023.1,NZ_CP113945.1,1523,1744,+,222,100.0,100.0,100.0,complete
recF,NZ_CP113945.1,1751,2887,+,1137,100.0,100.0,100.0,complete
WP_277140977.1,NZ_CP113945.1,1751,2887,+,1137,100.0,100.0,100.0,complete
gyrB,NZ_CP113945.1,2880,4844,+,1965,100.0,100.0,100.0,complete
WP_277140978.1,NZ_CP113945.1,2880,4844,+,1965,100.0,100.0,100.0,complete
gyrA,NZ_CP113945.1,4855,7341,+,2487,100.0,100.0,100.0,complete
WP_277140979.1,NZ_CP113945.1,4855,7341,+,2487,100.0,100.0,100.0,complete
rpsF,NZ_CP113945.1,7537,7833,+,297,100.0,100.0,100.0,complete
WP_277130015.1,NZ_CP113945.1,7537,7833,+,297,100.0,100.0,100.0,complete
ssb,NZ_CP113945.1,7882,8415,+,534,100.0,100.0,100.0,complete
WP_277140980.1,NZ_CP113945.1,7882,8415,+,534,100.0,100.0,100.0,complete
rpsR,NZ_CP113945.1,8438,8674,+,237,100.0,100.0,100.0,complete
WP_090093298.1,NZ_CP113945.1,8438,8674,+,237,100.0,100.0,100.0,complete
OZX58_RS00050,NZ_CP113945.1,8821,10839,+,2019,100.0,100.0,100.0,complete
WP_277140981.1,NZ_CP113945.1,8821,10839,+,2019,100.0,100.0,100.0,complete
rplI,NZ_CP113945.1,10852,11307,+,456,100.0,100.0,100.0,complete
WP_277130008.1,NZ_CP113945.1,10852,11307,+,456,100.0,100.0,100.0,complete
dnaB,NZ_CP113945.1,11347,12729,+,1383,100.0,100.0,100.0,complete
WP_277130007.1,NZ_CP113945.1,11347,12729,+,1383,100.0,100.0,100.0,complete
OZX58_RS00065,NZ_CP113945.1,12894,13052,+,159,100.0,100.0,100.0,complete
WP_277130006.1,NZ_CP113945.1,12894,13052,+,159,100.0,100.0,100.0,complete
OZX58_RS00070,NZ_CP113945.1,13127,14326,-,1200,100.0,100.0,100.0,complete
WP_277140982.1,NZ_CP113945.1,13127,14326,-,1200,100.0,100.0,100.0,complete
OZX58_RS00075,NZ_CP113945.1,14435,15136,-,702,100.0,100.0,100.0,complete
WP_277130002.1,NZ_CP113945.1,14435,15136,-,702,100.0,100.0,100.0,complete
OZX58_RS00080,NZ_CP113945.1,15305,15377,+,73,100.0,100.0,100.0,complete
OZX58_RS00085,NZ_CP113945.1,16018,16548,-,531,100.0,100.0,100.0,complete
WP_277140983.1,NZ_CP113945.1,16018,16548,-,531,100.0,100.0,100.0,complete
OZX58_RS00090,NZ_CP113945.1,16578,17312,-,735,100.0,100.0,100.0,complete
WP_277140984.1,NZ_CP113945.1,16578,17312,-,735,100.0,100.0,100.0,complete
OZX58_RS00095,NZ_CP113945.1,17309,18727,-,1419,100.0,100.0,100.0,complete
WP_277141793.1,NZ_CP113945.1,17309,18727,-,1419,100.0,100.0,100.0,complete
OZX58_RS00100,NZ_CP113945.1,18982,19416,+,435,100.0,100.0,100.0,complete
WP_277140985.1,NZ_CP113945.1,18982,19416,+,435,100.0,100.0,100.0,complete
OZX58_RS00105,NZ_CP113945.1,19428,20234,+,807,100.0,100.0,100.0,complete
WP_277140986.1,NZ_CP113945.1,19428,20234,+,807,100.0,100.0,100.0,complete
OZX58_RS00110,NZ_CP113945.1,20897,21430,-,534,100.0,100.0,100.0,complete
WP_277140987.1,NZ_CP113945.1,20897,21430,-,534,100.0,100.0,100.0,complete
OZX58_RS00115,NZ_CP113945.1,21543,22514,+,972,100.0,100.0,100.0,complete
WP_277140988.1,NZ_CP113945.1,21543,22514,+,972,100.0,100.0,100.0,complete
OZX58_RS00120,NZ_CP113945.1,22613,23155,-,543,100.0,100.0,100.0,complete
WP_277140989.1,NZ_CP113945.1,22613,23155,-,543,100.0,100.0,100.0,complete
OZX58_RS00125,NZ_CP113945.1,23275,24231,+,957,100.0,100.0,100.0,complete
WP_277140990.1,NZ_CP113945.1,23275,24231,+,957,100.0,100.0,100.0,complete
OZX58_RS00130,NZ_CP113945.1,24420,24581,-,162,100.0,100.0,100.0,complete
WP_277129993.1,NZ_CP113945.1,24420,24581,-,162,100.0,100.0,100.0,complete
OZX58_RS00135,NZ_CP113945.1,24850,25644,+,795,100.0,100.0,100.0,complete
WP_277129991.1,NZ_CP113945.1,24850,25644,+,795,100.0,100.0,100.0,complete
OZX58_RS00140,NZ_CP113945.1,25775,26638,+,864,100.0,100.0,100.0,complete
WP_277129989.1,NZ_CP113945.1,25775,26638,+,864,100.0,100.0,100.0,complete
OZX58_RS00145,NZ_CP113945.1,26653,27504,+,852,100.0,100.0,100.0,complete
WP_277140991.1,NZ_CP113945.1,26653,27504,+,852,100.0,100.0,100.0,complete
OZX58_RS00150,NZ_CP113945.1,27635,29494,+,1860,100.0,100.0,100.0,complete
WP_277129986.1,NZ_CP113945.1,27635,29494,+,1860,100.0,100.0,100.0,complete
OZX58_RS00155,NZ_CP113945.1,29528,29707,-,180,100.0,100.0,100.0,complete
WP_277140992.1,NZ_CP113945.1,29528,29707,-,180,100.0,100.0,100.0,complete
OZX58_RS00160,NZ_CP113945.1,29892,30605,+,714,100.0,100.0,100.0,complete
WP_277129984.1,NZ_CP113945.1,29892,30605,+,714,100.0,100.0,100.0,complete
OZX58_RS00165,NZ_CP113945.1,30650,31510,+,861,100.0,100.0,100.0,complete
WP_277140993.1,NZ_CP113945.1,30650,31510,+,861,100.0,100.0,100.0,complete
OZX58_RS00170,NZ_CP113945.1,31536,32300,+,765,100.0,100.0,100.0,complete
WP_277129982.1,NZ_CP113945.1,31536,32300,+,765,100.0,100.0,100.0,complete
OZX58_RS00175,NZ_CP113945.1,32425,33435,-,1011,100.0,100.0,100.0,complete
WP_277129981.1,NZ_CP113945.1,32425,33435,-,1011,100.0,100.0,100.0,complete
OZX58_RS00180,NZ_CP113945.1,33575,34417,+,843,100.0,100.0,100.0,complete
WP_277129979.1,NZ_CP113945.1,33575,34417,+,843,100.0,100.0,100.0,complete
OZX58_RS00185,NZ_CP113945.1,34461,35288,+,828,100.0,100.0,100.0,complete
WP_277129978.1,NZ_CP113945.1,34461,35288,+,828,100.0,100.0,100.0,complete
OZX58_RS00190,NZ_CP113945.1,35631,38471,+,2841,100.0,100.0,100.0,complete
WP_277140994.1,NZ_CP113945.1,35631,38471,+,2841,100.0,100.0,100.0,complete
OZX58_RS00195,NZ_CP113945.1,38515,39603,-,1089,100.0,100.0,100.0,complete
WP_277141795.1,NZ_CP113945.1,38515,39603,-,1089,100.0,100.0,100.0,complete
OZX58_RS00200,NZ_CP113945.1,39811,40224,+,414,100.0,100.0,100.0,complete
WP_277140995.1,NZ_CP113945.1,39811,40224,+,414,100.0,100.0,100.0,complete
OZX58_RS00205,NZ_CP113945.1,40693,42259,+,1567,0.0,0.0,0.0,missing
OZX58_RS00210,NZ_CP113945.1,42472,45381,+,2910,0.0,0.0,0.0,missing
rrf,NZ_CP113945.1,45464,45580,+,117,63.24786324786324,100.0,88.97435897435898,incomplete
OZX58_RS00220,NZ_CP113945.1,45592,45664,+,73,100.0,100.0,100.0,complete
OZX58_RS00225,NZ_CP113945.1,45714,46640,-,927,100.0,100.0,100.0,complete
WP_277140996.1,NZ_CP113945.1,45714,46640,-,927,100.0,100.0,100.0,complete
OZX58_RS00230,NZ_CP113945.1,46756,48636,+,1881,100.0,100.0,100.0,complete
WP_277140997.1,NZ_CP113945.1,46756,48636,+,1881,100.0,100.0,100.0,complete
citG,NZ_CP113945.1,48690,49511,-,822,100.0,100.0,100.0,complete
WP_277140998.1,NZ_CP113945.1,48690,49511,-,822,100.0,100.0,100.0,complete
OZX58_RS00240,NZ_CP113945.1,49733,51031,+,1299,100.0,100.0,100.0,complete
WP_277140999.1,NZ_CP113945.1,49733,51031,+,1299,100.0,100.0,100.0,complete
OZX58_RS00245,NZ_CP113945.1,51053,52198,+,1146,100.0,100.0,100.0,complete
WP_277141000.1,NZ_CP113945.1,51053,52198,+,1146,100.0,100.0,100.0,complete
OZX58_RS00250,NZ_CP113945.1,52264,52494,-,231,100.0,100.0,100.0,complete
WP_277131007.1,NZ_CP113945.1,52264,52494,-,231,100.0,100.0,100.0,complete
OZX58_RS00255,NZ_CP113945.1,52600,53463,-,864,100.0,100.0,100.0,complete
WP_277141001.1,NZ_CP113945.1,52600,53463,-,864,100.0,100.0,100.0,complete
OZX58_RS00260,NZ_CP113945.1,53460,54407,-,948,100.0,100.0,100.0,complete
WP_277141002.1,NZ_CP113945.1,53460,54407,-,948,100.0,100.0,100.0,complete
OZX58_RS00265,NZ_CP113945.1,54428,55267,-,840,100.0,100.0,100.0,complete
WP_277141003.1,NZ_CP113945.1,54428,55267,-,840,100.0,100.0,100.0,complete
OZX58_RS00270,NZ_CP113945.1,55280,55912,-,633,100.0,100.0,100.0,complete
WP_277141004.1,NZ_CP113945.1,55280,55912,-,633,100.0,100.0,100.0,complete
OZX58_RS00275,NZ_CP113945.1,56198,57277,-,1080,100.0,100.0,100.0,complete
WP_277141005.1,NZ_CP113945.1,56198,57277,-,1080,100.0,100.0,100.0,complete
OZX58_RS00280,NZ_CP113945.1,57469,58131,+,663,100.0,100.0,100.0,complete
WP_277141006.1,NZ_CP113945.1,57469,58131,+,663,100.0,100.0,100.0,complete
OZX58_RS00285,NZ_CP113945.1,58252,59394,-,1143,100.0,100.0,100.0,complete
WP_277141007.1,NZ_CP113945.1,58252,59394,-,1143,100.0,100.0,100.0,complete
OZX58_RS00290,NZ_CP113945.1,59609,60040,-,432,100.0,100.0,100.0,complete
WP_277130993.1,NZ_CP113945.1,59609,60040,-,432,100.0,100.0,100.0,complete
OZX58_RS00295,NZ_CP113945.1,60439,60846,+,408,100.0,100.0,100.0,complete
WP_277141008.1,NZ_CP113945.1,60439,60846,+,408,100.0,100.0,100.0,complete
OZX58_RS00300,NZ_CP113945.1,60885,61364,+,480,100.0,100.0,100.0,complete
WP_277141009.1,NZ_CP113945.1,60885,61364,+,480,100.0,100.0,100.0,complete
OZX58_RS00305,NZ_CP113945.1,61548,62120,-,573,100.0,100.0,100.0,complete
WP_277141010.1,NZ_CP113945.1,61548,62120,-,573,100.0,100.0,100.0,complete
OZX58_RS00310,NZ_CP113945.1,62178,63617,-,1440,100.0,100.0,100.0,complete
WP_277141011.1,NZ_CP113945.1,62178,63617,-,1440,100.0,100.0,100.0,complete
OZX58_RS00315,NZ_CP113945.1,63621,64592,-,972,100.0,100.0,100.0,complete
WP_277141012.1,NZ_CP113945.1,63621,64592,-,972,100.0,100.0,100.0,complete
OZX58_RS00320,NZ_CP113945.1,64808,64969,+,162,100.0,100.0,100.0,complete
WP_277141013.1,NZ_CP113945.1,64808,64969,+,162,100.0,100.0,100.0,complete
OZX58_RS00325,NZ_CP113945.1,65150,65222,-,73,100.0,100.0,100.0,complete
OZX58_RS00330,NZ_CP113945.1,65526,66398,+,873,100.0,100.0,100.0,complete
WP_277141014.1,NZ_CP113945.1,65526,66398,+,873,100.0,100.0,100.0,complete
OZX58_RS00335,NZ_CP113945.1,66528,67478,+,951,100.0,100.0,100.0,complete
WP_277141015.1,NZ_CP113945.1,66528,67478,+,951,100.0,100.0,100.0,complete
OZX58_RS00340,NZ_CP113945.1,67529,67601,-,73,100.0,100.0,100.0,complete
yycF,NZ_CP113945.1,67740,68456,+,717,100.0,100.0,100.0,complete
WP_277130980.1,NZ_CP113945.1,67740,68456,+,717,100.0,100.0,100.0,complete
walK,NZ_CP113945.1,68523,70379,+,1857,100.0,100.0,100.0,complete
WP_277130979.1,NZ_CP113945.1,68523,70379,+,1857,100.0,100.0,100.0,complete
OZX58_RS00355,NZ_CP113945.1,70369,71694,+,1326,100.0,100.0,100.0,complete
WP_277141016.1,NZ_CP113945.1,70369,71694,+,1326,100.0,100.0,100.0,complete
OZX58_RS00360,NZ_CP113945.1,71696,72520,+,825,100.0,100.0,100.0,complete
WP_277141017.1,NZ_CP113945.1,71696,72520,+,825,100.0,100.0,100.0,complete
OZX58_RS00365,NZ_CP113945.1,72535,73332,+,798,100.0,100.0,100.0,complete
WP_277141018.1,NZ_CP113945.1,72535,73332,+,798,100.0,100.0,100.0,complete
OZX58_RS00370,NZ_CP113945.1,73400,74614,+,1215,100.0,100.0,100.0,complete
WP_277141019.1,NZ_CP113945.1,73400,74614,+,1215,100.0,100.0,100.0,complete
rlmH,NZ_CP113945.1,75096,75575,+,480,100.0,100.0,100.0,complete
WP_277130970.1,NZ_CP113945.1,75096,75575,+,480,100.0,100.0,100.0,complete
OZX58_RS00380,NZ_CP113945.1,75591,76442,+,852,100.0,100.0,100.0,complete
WP_277141020.1,NZ_CP113945.1,75591,76442,+,852,100.0,100.0,100.0,complete
OZX58_RS00385,NZ_CP113945.1,76479,77132,-,654,100.0,100.0,100.0,complete
WP_277141021.1,NZ_CP113945.1,76479,77132,-,654,100.0,100.0,100.0,complete
OZX58_RS00390,NZ_CP113945.1,77142,78497,-,1356,100.0,100.0,100.0,complete
WP_277141022.1,NZ_CP113945.1,77142,78497,-,1356,100.0,100.0,100.0,complete
OZX58_RS00395,NZ_CP113945.1,78759,79694,+,936,100.0,100.0,100.0,complete
WP_277141023.1,NZ_CP113945.1,78759,79694,+,936,100.0,100.0,100.0,complete
htpX,NZ_CP113945.1,79740,80636,-,897,100.0,100.0,100.0,complete
WP_277141024.1,NZ_CP113945.1,79740,80636,-,897,100.0,100.0,100.0,complete
OZX58_RS00405,NZ_CP113945.1,80653,81213,-,561,100.0,100.0,100.0,complete
WP_277130959.1,NZ_CP113945.1,80653,81213,-,561,100.0,100.0,100.0,complete
OZX58_RS00410,NZ_CP113945.1,81320,82420,-,1101,100.0,100.0,100.0,complete
WP_277141025.1,NZ_CP113945.1,81320,82420,-,1101,100.0,100.0,100.0,complete
OZX58_RS00415,NZ_CP113945.1,82605,83009,+,405,100.0,100.0,100.0,complete
WP_277141026.1,NZ_CP113945.1,82605,83009,+,405,100.0,100.0,100.0,complete
OZX58_RS00420,NZ_CP113945.1,83092,83232,+,141,100.0,100.0,100.0,complete
WP_277141028.1,NZ_CP113945.1,83092,83232,+,141,100.0,100.0,100.0,complete
OZX58_RS00425,NZ_CP113945.1,83349,84266,+,918,100.0,100.0,100.0,complete
WP_277141030.1,NZ_CP113945.1,83349,84266,+,918,100.0,100.0,100.0,complete
OZX58_RS00430,NZ_CP113945.1,84327,86228,+,1902,100.0,100.0,100.0,complete
WP_277141031.1,NZ_CP113945.1,84327,86228,+,1902,100.0,100.0,100.0,complete
OZX58_RS00435,NZ_CP113945.1,86280,87719,-,1440,100.0,100.0,100.0,complete
WP_277141032.1,NZ_CP113945.1,86280,87719,-,1440,100.0,100.0,100.0,complete
OZX58_RS00440,NZ_CP113945.1,87733,88677,-,945,100.0,100.0,100.0,complete
WP_277141033.1,NZ_CP113945.1,87733,88677,-,945,100.0,100.0,100.0,complete
OZX58_RS00445,NZ_CP113945.1,88876,89574,+,699,100.0,100.0,100.0,complete
WP_277130949.1,NZ_CP113945.1,88876,89574,+,699,100.0,100.0,100.0,complete
OZX58_RS00450,NZ_CP113945.1,89737,90471,+,735,100.0,100.0,100.0,complete
WP_277141034.1,NZ_CP113945.1,89737,90471,+,735,100.0,100.0,100.0,complete
OZX58_RS00455,NZ_CP113945.1,90527,91276,-,750,100.0,100.0,100.0,complete
WP_277130946.1,NZ_CP113945.1,90527,91276,-,750,100.0,100.0,100.0,complete
OZX58_RS00460,NZ_CP113945.1,91273,92892,-,1620,100.0,100.0,100.0,complete
WP_277141035.1,NZ_CP113945.1,91273,92892,-,1620,100.0,100.0,100.0,complete
OZX58_RS00465,NZ_CP113945.1,93326,94483,-,1158,100.0,100.0,100.0,complete
WP_277141036.1,NZ_CP113945.1,93326,94483,-,1158,100.0,100.0,100.0,complete
OZX58_RS00470,NZ_CP113945.1,94509,96119,-,1611,100.0,100.0,100.0,complete
WP_277141037.1,NZ_CP113945.1,94509,96119,-,1611,100.0,100.0,100.0,complete
OZX58_RS00475,NZ_CP113945.1,96481,97701,-,1221,100.0,100.0,100.0,complete
WP_277141038.1,NZ_CP113945.1,96481,97701,-,1221,100.0,100.0,100.0,complete
OZX58_RS00480,NZ_CP113945.1,97798,98430,-,633,100.0,100.0,100.0,complete
WP_277141039.1,NZ_CP113945.1,97798,98430,-,633,100.0,100.0,100.0,complete
OZX58_RS00485,NZ_CP113945.1,98477,98836,+,360,100.0,100.0,100.0,complete
WP_277141040.1,NZ_CP113945.1,98477,98836,+,360,100.0,100.0,100.0,complete
OZX58_RS00490,NZ_CP113945.1,98831,99625,-,795,100.0,100.0,100.0,complete
WP_277130932.1,NZ_CP113945.1,98831,99625,-,795,100.0,100.0,100.0,complete
OZX58_RS00495,NZ_CP113945.1,99626,100069,-,444,100.0,100.0,100.0,complete
WP_277141041.1,NZ_CP113945.1,99626,100069,-,444,100.0,100.0,100.0,complete
OZX58_RS00500,NZ_CP113945.1,100117,100821,-,705,100.0,100.0,100.0,complete
WP_277141042.1,NZ_CP113945.1,100117,100821,-,705,100.0,100.0,100.0,complete
OZX58_RS00505,NZ_CP113945.1,101267,101557,-,291,100.0,100.0,100.0,complete
WP_277141043.1,NZ_CP113945.1,101267,101557,-,291,100.0,100.0,100.0,complete
asnA,NZ_CP113945.1,101739,102752,-,1014,100.0,100.0,100.0,complete
WP_277141044.1,NZ_CP113945.1,101739,102752,-,1014,100.0,100.0,100.0,complete
OZX58_RS00515,NZ_CP113945.1,103173,103658,+,486,100.0,100.0,100.0,complete
WP_277141045.1,NZ_CP113945.1,103173,103658,+,486,100.0,100.0,100.0,complete
OZX58_RS00520,NZ_CP113945.1,103766,104080,+,315,100.0,100.0,100.0,complete
WP_277141046.1,NZ_CP113945.1,103766,104080,+,315,100.0,100.0,100.0,complete
OZX58_RS00525,NZ_CP113945.1,104443,105099,+,657,100.0,100.0,100.0,complete
WP_277141047.1,NZ_CP113945.1,104443,105099,+,657,100.0,100.0,100.0,complete
OZX58_RS00530,NZ_CP113945.1,105140,105829,+,690,100.0,100.0,100.0,complete
WP_277141048.1,NZ_CP113945.1,105140,105829,+,690,100.0,100.0,100.0,complete
cls,NZ_CP113945.1,105908,107365,-,1458,100.0,100.0,100.0,complete
WP_277141049.1,NZ_CP113945.1,105908,107365,-,1458,100.0,100.0,100.0,complete
OZX58_RS00540,NZ_CP113945.1,107392,108324,-,933,100.0,100.0,100.0,complete
WP_277141050.1,NZ_CP113945.1,107392,108324,-,933,100.0,100.0,100.0,complete
OZX58_RS00545,NZ_CP113945.1,108397,109248,+,852,100.0,100.0,100.0,complete
WP_277141051.1,NZ_CP113945.1,108397,109248,+,852,100.0,100.0,100.0,complete
OZX58_RS00550,NZ_CP113945.1,109249,110214,-,966,100.0,100.0,100.0,complete
WP_277130918.1,NZ_CP113945.1,109249,110214,-,966,100.0,100.0,100.0,complete
OZX58_RS00555,NZ_CP113945.1,110352,111194,+,843,100.0,100.0,100.0,complete
WP_277141052.1,NZ_CP113945.1,110352,111194,+,843,100.0,100.0,100.0,complete
OZX58_RS00560,NZ_CP113945.1,111191,111847,+,657,100.0,100.0,100.0,complete
WP_277130916.1,NZ_CP113945.1,111191,111847,+,657,100.0,100.0,100.0,complete
OZX58_RS00565,NZ_CP113945.1,111961,112941,+,981,100.0,100.0,100.0,complete
WP_277130915.1,NZ_CP113945.1,111961,112941,+,981,100.0,100.0,100.0,complete
OZX58_RS00570,NZ_CP113945.1,113113,113796,+,684,100.0,100.0,100.0,complete
WP_277141053.1,NZ_CP113945.1,113113,113796,+,684,100.0,100.0,100.0,complete
OZX58_RS00575,NZ_CP113945.1,113808,114638,+,831,100.0,100.0,100.0,complete
WP_277130913.1,NZ_CP113945.1,113808,114638,+,831,100.0,100.0,100.0,complete
OZX58_RS00580,NZ_CP113945.1,114713,115207,+,495,100.0,100.0,100.0,complete
WP_277141054.1,NZ_CP113945.1,114713,115207,+,495,100.0,100.0,100.0,complete
OZX58_RS00585,NZ_CP113945.1,115842,116825,-,984,100.0,100.0,100.0,complete
WP_277141055.1,NZ_CP113945.1,115842,116825,-,984,100.0,100.0,100.0,complete
OZX58_RS00590,NZ_CP113945.1,117801,118886,+,1086,100.0,100.0,100.0,complete
WP_277130909.1,NZ_CP113945.1,117801,118886,+,1086,100.0,100.0,100.0,complete
OZX58_RS00595,NZ_CP113945.1,118913,119674,+,762,100.0,100.0,100.0,complete
WP_277141695.1,NZ_CP113945.1,118913,119674,+,762,100.0,100.0,100.0,complete
OZX58_RS00600,NZ_CP113945.1,119784,120902,+,1119,100.0,100.0,100.0,complete
WP_277141056.1,NZ_CP113945.1,119784,120902,+,1119,100.0,100.0,100.0,complete
OZX58_RS00605,NZ_CP113945.1,120899,121672,+,774,100.0,100.0,100.0,complete
WP_277131023.1,NZ_CP113945.1,120899,121672,+,774,100.0,100.0,100.0,complete
OZX58_RS00610,NZ_CP113945.1,121656,122471,+,816,100.0,100.0,100.0,complete
WP_277141057.1,NZ_CP113945.1,121656,122471,+,816,100.0,100.0,100.0,complete
OZX58_RS00615,NZ_CP113945.1,122628,122891,+,264,100.0,100.0,100.0,complete
WP_277130906.1,NZ_CP113945.1,122628,122891,+,264,100.0,100.0,100.0,complete
OZX58_RS00620,NZ_CP113945.1,123055,123408,-,354,100.0,100.0,100.0,complete
WP_277141058.1,NZ_CP113945.1,123055,123408,-,354,100.0,100.0,100.0,complete
OZX58_RS00625,NZ_CP113945.1,123578,126100,+,2523,100.0,100.0,100.0,complete
WP_277141059.1,NZ_CP113945.1,123578,126100,+,2523,100.0,100.0,100.0,complete
OZX58_RS00630,NZ_CP113945.1,126244,127737,+,1494,100.0,100.0,100.0,complete
WP_277141060.1,NZ_CP113945.1,126244,127737,+,1494,100.0,100.0,100.0,complete
OZX58_RS00635,NZ_CP113945.1,127793,129004,-,1212,100.0,100.0,100.0,complete
WP_277141061.1,NZ_CP113945.1,127793,129004,-,1212,100.0,100.0,100.0,complete
OZX58_RS00640,NZ_CP113945.1,129233,130027,+,795,100.0,100.0,100.0,complete
WP_277141062.1,NZ_CP113945.1,129233,130027,+,795,100.0,100.0,100.0,complete
OZX58_RS00645,NZ_CP113945.1,130136,130747,+,612,100.0,100.0,100.0,complete
WP_277141063.1,NZ_CP113945.1,130136,130747,+,612,100.0,100.0,100.0,complete
OZX58_RS00650,NZ_CP113945.1,130861,131649,+,789,100.0,100.0,100.0,complete
WP_277141064.1,NZ_CP113945.1,130861,131649,+,789,100.0,100.0,100.0,complete
OZX58_RS00655,NZ_CP113945.1,131667,133127,+,1461,100.0,100.0,100.0,complete
WP_277141065.1,NZ_CP113945.1,131667,133127,+,1461,100.0,100.0,100.0,complete
OZX58_RS00660,NZ_CP113945.1,133268,134017,+,750,100.0,100.0,100.0,complete
WP_277130897.1,NZ_CP113945.1,133268,134017,+,750,100.0,100.0,100.0,complete
OZX58_RS00665,NZ_CP113945.1,134028,135836,+,1809,100.0,100.0,100.0,complete
WP_277141066.1,NZ_CP113945.1,134028,135836,+,1809,100.0,100.0,100.0,complete
OZX58_RS00670,NZ_CP113945.1,135855,137663,+,1809,100.0,100.0,100.0,complete
WP_277141067.1,NZ_CP113945.1,135855,137663,+,1809,100.0,100.0,100.0,complete
OZX58_RS00675,NZ_CP113945.1,137693,138466,-,774,100.0,100.0,100.0,complete
WP_277141068.1,NZ_CP113945.1,137693,138466,-,774,100.0,100.0,100.0,complete
OZX58_RS00680,NZ_CP113945.1,138721,139185,+,465,100.0,100.0,100.0,complete
WP_277130887.1,NZ_CP113945.1,138721,139185,+,465,100.0,100.0,100.0,complete
OZX58_RS00685,NZ_CP113945.1,139189,140154,+,966,100.0,100.0,100.0,complete
WP_277141069.1,NZ_CP113945.1,139189,140154,+,966,100.0,100.0,100.0,complete
OZX58_RS00690,NZ_CP113945.1,140178,140426,+,249,100.0,100.0,100.0,complete
WP_277130883.1,NZ_CP113945.1,140178,140426,+,249,100.0,100.0,100.0,complete
fabK,NZ_CP113945.1,140430,141383,+,954,100.0,100.0,100.0,complete
WP_277141070.1,NZ_CP113945.1,140430,141383,+,954,100.0,100.0,100.0,complete
OZX58_RS00700,NZ_CP113945.1,141386,142312,+,927,100.0,100.0,100.0,complete
WP_277141071.1,NZ_CP113945.1,141386,142312,+,927,100.0,100.0,100.0,complete
fabG,NZ_CP113945.1,142312,143046,+,735,100.0,100.0,100.0,complete
WP_277141072.1,NZ_CP113945.1,142312,143046,+,735,100.0,100.0,100.0,complete
fabF,NZ_CP113945.1,143059,144291,+,1233,100.0,100.0,100.0,complete
WP_277141073.1,NZ_CP113945.1,143059,144291,+,1233,100.0,100.0,100.0,complete
OZX58_RS00715,NZ_CP113945.1,144292,144714,+,423,100.0,100.0,100.0,complete
WP_277141074.1,NZ_CP113945.1,144292,144714,+,423,100.0,100.0,100.0,complete
fabZ,NZ_CP113945.1,144727,145173,+,447,100.0,100.0,100.0,complete
WP_277141076.1,NZ_CP113945.1,144727,145173,+,447,100.0,100.0,100.0,complete
OZX58_RS00725,NZ_CP113945.1,145184,146560,+,1377,100.0,100.0,100.0,complete
WP_277141077.1,NZ_CP113945.1,145184,146560,+,1377,100.0,100.0,100.0,complete
OZX58_RS00730,NZ_CP113945.1,146560,147411,+,852,100.0,100.0,100.0,complete
WP_277141078.1,NZ_CP113945.1,146560,147411,+,852,100.0,100.0,100.0,complete
accA,NZ_CP113945.1,147401,148171,+,771,100.0,100.0,100.0,complete
WP_277141079.1,NZ_CP113945.1,147401,148171,+,771,100.0,100.0,100.0,complete
cds-OZX58_RS08175,NZ_CP113945.1,148396,149034,+,639,100.0,100.0,100.0,complete
cds-OZX58_RS08180,NZ_CP113945.1,149122,150480,+,1359,100.0,100.0,100.0,complete
OZX58_RS00745,NZ_CP113945.1,150477,151214,+,738,100.0,100.0,100.0,complete
WP_277130867.1,NZ_CP113945.1,150477,151214,+,738,100.0,100.0,100.0,complete
OZX58_RS00750,NZ_CP113945.1,151478,152671,-,1194,100.0,100.0,100.0,complete
WP_277130865.1,NZ_CP113945.1,151478,152671,-,1194,100.0,100.0,100.0,complete
deoC,NZ_CP113945.1,152931,153584,+,654,100.0,100.0,100.0,complete
WP_277141081.1,NZ_CP113945.1,152931,153584,+,654,100.0,100.0,100.0,complete
OZX58_RS00760,NZ_CP113945.1,153604,154791,+,1188,100.0,100.0,100.0,complete
WP_277141082.1,NZ_CP113945.1,153604,154791,+,1188,100.0,100.0,100.0,complete
OZX58_RS00765,NZ_CP113945.1,154968,155915,+,948,100.0,100.0,100.0,complete
WP_277141083.1,NZ_CP113945.1,154968,155915,+,948,100.0,100.0,100.0,complete
OZX58_RS00770,NZ_CP113945.1,155933,157231,+,1299,100.0,100.0,100.0,complete
WP_277141084.1,NZ_CP113945.1,155933,157231,+,1299,100.0,100.0,100.0,complete
OZX58_RS00775,NZ_CP113945.1,157349,158419,+,1071,100.0,100.0,100.0,complete
WP_277141085.1,NZ_CP113945.1,157349,158419,+,1071,100.0,100.0,100.0,complete
OZX58_RS00780,NZ_CP113945.1,158547,159257,+,711,100.0,100.0,100.0,complete
WP_277141087.1,NZ_CP113945.1,158547,159257,+,711,100.0,100.0,100.0,complete
thiW,NZ_CP113945.1,159348,159857,-,510,100.0,100.0,100.0,complete
WP_277141089.1,NZ_CP113945.1,159348,159857,-,510,100.0,100.0,100.0,complete
OZX58_RS00790,NZ_CP113945.1,160078,160722,-,645,100.0,100.0,100.0,complete
WP_277141090.1,NZ_CP113945.1,160078,160722,-,645,100.0,100.0,100.0,complete
OZX58_RS00795,NZ_CP113945.1,160743,161354,-,612,100.0,100.0,100.0,complete
WP_277141091.1,NZ_CP113945.1,160743,161354,-,612,100.0,100.0,100.0,complete
helD,NZ_CP113945.1,161507,163801,+,2295,100.0,100.0,100.0,complete
WP_277141092.1,NZ_CP113945.1,161507,163801,+,2295,100.0,100.0,100.0,complete
OZX58_RS00805,NZ_CP113945.1,163814,164260,+,447,100.0,100.0,100.0,complete
WP_277141093.1,NZ_CP113945.1,163814,164260,+,447,100.0,100.0,100.0,complete
OZX58_RS00810,NZ_CP113945.1,164279,164863,-,585,100.0,100.0,100.0,complete
WP_277141094.1,NZ_CP113945.1,164279,164863,-,585,100.0,100.0,100.0,complete
coaA,NZ_CP113945.1,164959,165873,+,915,100.0,100.0,100.0,complete
WP_277141095.1,NZ_CP113945.1,164959,165873,+,915,100.0,100.0,100.0,complete
efp,NZ_CP113945.1,165994,166566,+,573,100.0,100.0,100.0,complete
WP_277130843.1,NZ_CP113945.1,165994,166566,+,573,100.0,100.0,100.0,complete
OZX58_RS00825,NZ_CP113945.1,166807,167304,+,498,100.0,100.0,100.0,complete
WP_277141096.1,NZ_CP113945.1,166807,167304,+,498,100.0,100.0,100.0,complete
OZX58_RS00830,NZ_CP113945.1,167339,168757,+,1419,100.0,100.0,100.0,complete
WP_277141097.1,NZ_CP113945.1,167339,168757,+,1419,100.0,100.0,100.0,complete
OZX58_RS00835,NZ_CP113945.1,168773,169537,+,765,100.0,100.0,100.0,complete
WP_277130839.1,NZ_CP113945.1,168773,169537,+,765,100.0,100.0,100.0,complete
OZX58_RS00840,NZ_CP113945.1,169587,169910,-,324,100.0,100.0,100.0,complete
WP_277141098.1,NZ_CP113945.1,169587,169910,-,324,100.0,100.0,100.0,complete
OZX58_RS00845,NZ_CP113945.1,170063,171070,-,1008,100.0,100.0,100.0,complete
WP_277141100.1,NZ_CP113945.1,170063,171070,-,1008,100.0,100.0,100.0,complete
OZX58_RS00850,NZ_CP113945.1,171174,171635,-,462,100.0,100.0,100.0,complete
WP_277141101.1,NZ_CP113945.1,171174,171635,-,462,100.0,100.0,100.0,complete
OZX58_RS00855,NZ_CP113945.1,171632,172075,-,444,100.0,100.0,100.0,complete
WP_277141102.1,NZ_CP113945.1,171632,172075,-,444,100.0,100.0,100.0,complete
trpX,NZ_CP113945.1,172504,173505,+,1002,100.0,100.0,100.0,complete
WP_277141103.1,NZ_CP113945.1,172504,173505,+,1002,100.0,100.0,100.0,complete
OZX58_RS00865,NZ_CP113945.1,173502,174404,+,903,100.0,100.0,100.0,complete
WP_277141104.1,NZ_CP113945.1,173502,174404,+,903,100.0,100.0,100.0,complete
OZX58_RS00870,NZ_CP113945.1,174394,175173,+,780,100.0,100.0,100.0,complete
WP_277141105.1,NZ_CP113945.1,174394,175173,+,780,100.0,100.0,100.0,complete
OZX58_RS00875,NZ_CP113945.1,175233,175574,+,342,100.0,100.0,100.0,complete
WP_277141106.1,NZ_CP113945.1,175233,175574,+,342,100.0,100.0,100.0,complete
OZX58_RS00880,NZ_CP113945.1,175710,176687,+,978,100.0,100.0,100.0,complete
WP_277141107.1,NZ_CP113945.1,175710,176687,+,978,100.0,100.0,100.0,complete
OZX58_RS00885,NZ_CP113945.1,176709,177677,+,969,100.0,100.0,100.0,complete
WP_277141108.1,NZ_CP113945.1,176709,177677,+,969,100.0,100.0,100.0,complete
OZX58_RS00890,NZ_CP113945.1,177756,178196,-,441,100.0,100.0,100.0,complete
WP_277141109.1,NZ_CP113945.1,177756,178196,-,441,100.0,100.0,100.0,complete
OZX58_RS00895,NZ_CP113945.1,178433,179866,+,1434,100.0,100.0,100.0,complete
WP_277141698.1,NZ_CP113945.1,178433,179866,+,1434,100.0,100.0,100.0,complete
OZX58_RS00900,NZ_CP113945.1,179863,180606,+,744,100.0,100.0,100.0,complete
WP_277141110.1,NZ_CP113945.1,179863,180606,+,744,100.0,100.0,100.0,complete
OZX58_RS00905,NZ_CP113945.1,180672,181433,-,762,100.0,100.0,100.0,complete
WP_277141111.1,NZ_CP113945.1,180672,181433,-,762,100.0,100.0,100.0,complete
ulaG,NZ_CP113945.1,181638,182711,+,1074,100.0,100.0,100.0,complete
WP_277141112.1,NZ_CP113945.1,181638,182711,+,1074,100.0,100.0,100.0,complete
OZX58_RS00915,NZ_CP113945.1,182749,183225,+,477,100.0,100.0,100.0,complete
WP_277130811.1,NZ_CP113945.1,182749,183225,+,477,100.0,100.0,100.0,complete
OZX58_RS00920,NZ_CP113945.1,183230,184726,+,1497,100.0,100.0,100.0,complete
WP_277130810.1,NZ_CP113945.1,183230,184726,+,1497,100.0,100.0,100.0,complete
OZX58_RS00925,NZ_CP113945.1,184757,185062,+,306,100.0,100.0,100.0,complete
WP_277141113.1,NZ_CP113945.1,184757,185062,+,306,100.0,100.0,100.0,complete
OZX58_RS00930,NZ_CP113945.1,185074,185712,+,639,100.0,100.0,100.0,complete
WP_277141114.1,NZ_CP113945.1,185074,185712,+,639,100.0,100.0,100.0,complete
OZX58_RS00935,NZ_CP113945.1,185788,186669,+,882,100.0,100.0,100.0,complete
WP_277141115.1,NZ_CP113945.1,185788,186669,+,882,100.0,100.0,100.0,complete
OZX58_RS00940,NZ_CP113945.1,186682,187377,+,696,100.0,100.0,100.0,complete
WP_277141116.1,NZ_CP113945.1,186682,187377,+,696,100.0,100.0,100.0,complete
OZX58_RS00945,NZ_CP113945.1,187459,189369,+,1911,100.0,100.0,100.0,complete
WP_277141117.1,NZ_CP113945.1,187459,189369,+,1911,100.0,100.0,100.0,complete
OZX58_RS00950,NZ_CP113945.1,189356,190756,+,1401,100.0,100.0,100.0,complete
WP_277141118.1,NZ_CP113945.1,189356,190756,+,1401,100.0,100.0,100.0,complete
OZX58_RS00955,NZ_CP113945.1,190805,191461,-,657,100.0,100.0,100.0,complete
WP_277141119.1,NZ_CP113945.1,190805,191461,-,657,100.0,100.0,100.0,complete
yaaA,NZ_CP113945.1,191523,192290,+,768,100.0,100.0,100.0,complete
WP_277141120.1,NZ_CP113945.1,191523,192290,+,768,100.0,100.0,100.0,complete
OZX58_RS00965,NZ_CP113945.1,192353,192955,+,603,100.0,100.0,100.0,complete
WP_277141121.1,NZ_CP113945.1,192353,192955,+,603,100.0,100.0,100.0,complete
OZX58_RS00970,NZ_CP113945.1,193079,193600,+,522,100.0,100.0,100.0,complete
WP_277130793.1,NZ_CP113945.1,193079,193600,+,522,100.0,100.0,100.0,complete
OZX58_RS00975,NZ_CP113945.1,193600,194661,+,1062,100.0,100.0,100.0,complete
WP_277141122.1,NZ_CP113945.1,193600,194661,+,1062,100.0,100.0,100.0,complete
OZX58_RS00980,NZ_CP113945.1,194663,195337,+,675,100.0,100.0,100.0,complete
WP_277141123.1,NZ_CP113945.1,194663,195337,+,675,100.0,100.0,100.0,complete
OZX58_RS00985,NZ_CP113945.1,195794,196015,+,222,100.0,100.0,100.0,complete
WP_277130787.1,NZ_CP113945.1,195794,196015,+,222,100.0,100.0,100.0,complete
OZX58_RS00990,NZ_CP113945.1,196107,196733,+,627,100.0,100.0,100.0,complete
WP_277130784.1,NZ_CP113945.1,196107,196733,+,627,100.0,100.0,100.0,complete
OZX58_RS00995,NZ_CP113945.1,196869,197408,+,540,100.0,100.0,100.0,complete
WP_277130781.1,NZ_CP113945.1,196869,197408,+,540,100.0,100.0,100.0,complete
OZX58_RS01000,NZ_CP113945.1,197420,197968,+,549,100.0,100.0,100.0,complete
WP_277141124.1,NZ_CP113945.1,197420,197968,+,549,100.0,100.0,100.0,complete
OZX58_RS01005,NZ_CP113945.1,198053,198844,+,792,100.0,100.0,100.0,complete
WP_277141125.1,NZ_CP113945.1,198053,198844,+,792,100.0,100.0,100.0,complete
OZX58_RS01010,NZ_CP113945.1,198853,199788,+,936,100.0,100.0,100.0,complete
WP_277141126.1,NZ_CP113945.1,198853,199788,+,936,100.0,100.0,100.0,complete
OZX58_RS01015,NZ_CP113945.1,199894,200430,-,537,100.0,100.0,100.0,complete
WP_277130773.1,NZ_CP113945.1,199894,200430,-,537,100.0,100.0,100.0,complete
rsmG,NZ_CP113945.1,200590,201312,+,723,100.0,100.0,100.0,complete
WP_277141127.1,NZ_CP113945.1,200590,201312,+,723,100.0,100.0,100.0,complete
noc,NZ_CP113945.1,201329,202177,+,849,100.0,100.0,100.0,complete
WP_277130770.1,NZ_CP113945.1,201329,202177,+,849,100.0,100.0,100.0,complete
OZX58_RS01030,NZ_CP113945.1,202192,202971,+,780,100.0,100.0,100.0,complete
WP_277130769.1,NZ_CP113945.1,202192,202971,+,780,100.0,100.0,100.0,complete
OZX58_RS01035,NZ_CP113945.1,202949,203836,+,888,100.0,100.0,100.0,complete
WP_277141128.1,NZ_CP113945.1,202949,203836,+,888,100.0,100.0,100.0,complete
OZX58_RS01040,NZ_CP113945.1,203829,204098,+,270,100.0,100.0,100.0,complete
WP_277141129.1,NZ_CP113945.1,203829,204098,+,270,100.0,100.0,100.0,complete
ychF,NZ_CP113945.1,204131,205231,+,1101,100.0,100.0,100.0,complete
WP_277141130.1,NZ_CP113945.1,204131,205231,+,1101,100.0,100.0,100.0,complete
OZX58_RS01050,NZ_CP113945.1,205241,206032,+,792,100.0,100.0,100.0,complete
WP_277141131.1,NZ_CP113945.1,205241,206032,+,792,100.0,100.0,100.0,complete
OZX58_RS01055,NZ_CP113945.1,206177,207901,+,1725,100.0,100.0,100.0,complete
WP_277141132.1,NZ_CP113945.1,206177,207901,+,1725,100.0,100.0,100.0,complete
OZX58_RS01060,NZ_CP113945.1,207911,209773,+,1863,100.0,100.0,100.0,complete
WP_277141133.1,NZ_CP113945.1,207911,209773,+,1863,100.0,100.0,100.0,complete
OZX58_RS01065,NZ_CP113945.1,209933,210619,+,687,100.0,100.0,100.0,complete
WP_277133269.1,NZ_CP113945.1,209933,210619,+,687,100.0,100.0,100.0,complete
OZX58_RS01070,NZ_CP113945.1,210624,211778,+,1155,100.0,100.0,100.0,complete
WP_277141134.1,NZ_CP113945.1,210624,211778,+,1155,100.0,100.0,100.0,complete
OZX58_RS01075,NZ_CP113945.1,211824,213395,+,1572,100.0,100.0,100.0,complete
WP_277130760.1,NZ_CP113945.1,211824,213395,+,1572,100.0,100.0,100.0,complete
OZX58_RS01080,NZ_CP113945.1,213408,214154,+,747,100.0,100.0,100.0,complete
WP_277141135.1,NZ_CP113945.1,213408,214154,+,747,100.0,100.0,100.0,complete
OZX58_RS01085,NZ_CP113945.1,214299,214499,+,201,100.0,100.0,100.0,complete
WP_277141700.1,NZ_CP113945.1,214299,214499,+,201,100.0,100.0,100.0,complete
ribD,NZ_CP113945.1,214867,215913,+,1047,100.0,100.0,100.0,complete
WP_277141136.1,NZ_CP113945.1,214867,215913,+,1047,100.0,100.0,100.0,complete
ribE,NZ_CP113945.1,215914,216519,+,606,100.0,100.0,100.0,complete
WP_277141137.1,NZ_CP113945.1,215914,216519,+,606,100.0,100.0,100.0,complete
ribA,NZ_CP113945.1,216530,217756,+,1227,100.0,100.0,100.0,complete
WP_277141138.1,NZ_CP113945.1,216530,217756,+,1227,100.0,100.0,100.0,complete
ribH,NZ_CP113945.1,217758,218231,+,474,100.0,100.0,100.0,complete
WP_277141139.1,NZ_CP113945.1,217758,218231,+,474,100.0,100.0,100.0,complete
OZX58_RS01110,NZ_CP113945.1,218374,221412,-,3039,100.0,100.0,100.0,complete
WP_277141140.1,NZ_CP113945.1,218374,221412,-,3039,100.0,100.0,100.0,complete
OZX58_RS01115,NZ_CP113945.1,221473,223017,-,1545,100.0,100.0,100.0,complete
WP_277141141.1,NZ_CP113945.1,221473,223017,-,1545,100.0,100.0,100.0,complete
OZX58_RS01120,NZ_CP113945.1,223360,225852,+,2493,100.0,100.0,100.0,complete
WP_277141142.1,NZ_CP113945.1,223360,225852,+,2493,100.0,100.0,100.0,complete
OZX58_RS01125,NZ_CP113945.1,225862,226764,+,903,100.0,100.0,100.0,complete
WP_277141143.1,NZ_CP113945.1,225862,226764,+,903,100.0,100.0,100.0,complete
OZX58_RS01130,NZ_CP113945.1,226848,228521,+,1674,100.0,100.0,100.0,complete
WP_277141144.1,NZ_CP113945.1,226848,228521,+,1674,100.0,100.0,100.0,complete
OZX58_RS01135,NZ_CP113945.1,228527,230059,+,1533,100.0,100.0,100.0,complete
WP_277141145.1,NZ_CP113945.1,228527,230059,+,1533,100.0,100.0,100.0,complete
OZX58_RS01140,NZ_CP113945.1,230069,231562,+,1494,100.0,100.0,100.0,complete
WP_277141146.1,NZ_CP113945.1,230069,231562,+,1494,100.0,100.0,100.0,complete
OZX58_RS01145,NZ_CP113945.1,231644,232726,-,1083,100.0,100.0,100.0,complete
WP_277141147.1,NZ_CP113945.1,231644,232726,-,1083,100.0,100.0,100.0,complete
OZX58_RS01150,NZ_CP113945.1,233042,234646,+,1605,100.0,100.0,100.0,complete
WP_277141148.1,NZ_CP113945.1,233042,234646,+,1605,100.0,100.0,100.0,complete
OZX58_RS01155,NZ_CP113945.1,234648,235376,+,729,100.0,100.0,100.0,complete
WP_277141149.1,NZ_CP113945.1,234648,235376,+,729,100.0,100.0,100.0,complete
OZX58_RS01160,NZ_CP113945.1,235407,236375,+,969,100.0,100.0,100.0,complete
WP_277141150.1,NZ_CP113945.1,235407,236375,+,969,100.0,100.0,100.0,complete
OZX58_RS01165,NZ_CP113945.1,236390,237649,+,1260,100.0,100.0,100.0,complete
WP_277130743.1,NZ_CP113945.1,236390,237649,+,1260,100.0,100.0,100.0,complete
OZX58_RS01170,NZ_CP113945.1,237668,239173,+,1506,100.0,100.0,100.0,complete
WP_277141151.1,NZ_CP113945.1,237668,239173,+,1506,100.0,100.0,100.0,complete
OZX58_RS01175,NZ_CP113945.1,239170,240324,+,1155,100.0,100.0,100.0,complete
WP_277141152.1,NZ_CP113945.1,239170,240324,+,1155,100.0,100.0,100.0,complete
araA,NZ_CP113945.1,240336,241757,+,1422,100.0,100.0,100.0,complete
WP_277141153.1,NZ_CP113945.1,240336,241757,+,1422,100.0,100.0,100.0,complete
OZX58_RS01185,NZ_CP113945.1,241820,242770,-,951,100.0,100.0,100.0,complete
WP_277141154.1,NZ_CP113945.1,241820,242770,-,951,100.0,100.0,100.0,complete
OZX58_RS01190,NZ_CP113945.1,242793,243536,-,744,100.0,100.0,100.0,complete
WP_277141155.1,NZ_CP113945.1,242793,243536,-,744,100.0,100.0,100.0,complete
OZX58_RS01195,NZ_CP113945.1,243701,244159,+,459,100.0,100.0,100.0,complete
WP_277141156.1,NZ_CP113945.1,243701,244159,+,459,100.0,100.0,100.0,complete
OZX58_RS01200,NZ_CP113945.1,244156,244476,+,321,100.0,100.0,100.0,complete
WP_277141157.1,NZ_CP113945.1,244156,244476,+,321,100.0,100.0,100.0,complete
OZX58_RS01205,NZ_CP113945.1,244501,245865,+,1365,100.0,100.0,100.0,complete
WP_277141158.1,NZ_CP113945.1,244501,245865,+,1365,100.0,100.0,100.0,complete
OZX58_RS01210,NZ_CP113945.1,245875,246087,+,213,100.0,100.0,100.0,complete
WP_277141159.1,NZ_CP113945.1,245875,246087,+,213,100.0,100.0,100.0,complete
OZX58_RS01215,NZ_CP113945.1,246084,246854,+,771,100.0,100.0,100.0,complete
WP_277141160.1,NZ_CP113945.1,246084,246854,+,771,100.0,100.0,100.0,complete
OZX58_RS01220,NZ_CP113945.1,247134,247196,+,63,100.0,100.0,100.0,complete
WP_277141702.1,NZ_CP113945.1,247134,247196,+,63,100.0,100.0,100.0,complete
OZX58_RS01225,NZ_CP113945.1,247246,248187,-,942,100.0,100.0,100.0,complete
WP_277141161.1,NZ_CP113945.1,247246,248187,-,942,100.0,100.0,100.0,complete
OZX58_RS01230,NZ_CP113945.1,248584,249690,+,1107,100.0,100.0,100.0,complete
WP_277141703.1,NZ_CP113945.1,248584,249690,+,1107,100.0,100.0,100.0,complete
nadC,NZ_CP113945.1,249693,250541,+,849,100.0,100.0,100.0,complete
WP_277141705.1,NZ_CP113945.1,249693,250541,+,849,100.0,100.0,100.0,complete
OZX58_RS01240,NZ_CP113945.1,250618,251115,+,498,100.0,100.0,100.0,complete
WP_277141162.1,NZ_CP113945.1,250618,251115,+,498,100.0,100.0,100.0,complete
OZX58_RS01245,NZ_CP113945.1,251454,252365,+,912,100.0,100.0,100.0,complete
WP_277141707.1,NZ_CP113945.1,251454,252365,+,912,100.0,100.0,100.0,complete
OZX58_RS01250,NZ_CP113945.1,252664,253032,+,369,100.0,100.0,100.0,complete
WP_277141163.1,NZ_CP113945.1,252664,253032,+,369,100.0,100.0,100.0,complete
OZX58_RS01255,NZ_CP113945.1,253061,253936,+,876,100.0,100.0,100.0,complete
WP_277141164.1,NZ_CP113945.1,253061,253936,+,876,100.0,100.0,100.0,complete
OZX58_RS01260,NZ_CP113945.1,253936,254691,+,756,100.0,100.0,100.0,complete
WP_277141165.1,NZ_CP113945.1,253936,254691,+,756,100.0,100.0,100.0,complete
OZX58_RS01265,NZ_CP113945.1,254715,255479,+,765,100.0,100.0,100.0,complete
WP_277141166.1,NZ_CP113945.1,254715,255479,+,765,100.0,100.0,100.0,complete
OZX58_RS01270,NZ_CP113945.1,255509,255724,+,216,100.0,100.0,100.0,complete
WP_277141167.1,NZ_CP113945.1,255509,255724,+,216,100.0,100.0,100.0,complete
OZX58_RS01275,NZ_CP113945.1,256028,257113,+,1086,100.0,100.0,100.0,complete
WP_277141168.1,NZ_CP113945.1,256028,257113,+,1086,100.0,100.0,100.0,complete
OZX58_RS01280,NZ_CP113945.1,257113,257979,+,867,100.0,100.0,100.0,complete
WP_277141169.1,NZ_CP113945.1,257113,257979,+,867,100.0,100.0,100.0,complete
OZX58_RS01285,NZ_CP113945.1,257980,258804,+,825,100.0,100.0,100.0,complete
WP_277141170.1,NZ_CP113945.1,257980,258804,+,825,100.0,100.0,100.0,complete
OZX58_RS01290,NZ_CP113945.1,258788,260083,+,1296,100.0,100.0,100.0,complete
WP_277141171.1,NZ_CP113945.1,258788,260083,+,1296,100.0,100.0,100.0,complete
OZX58_RS01295,NZ_CP113945.1,260131,261435,+,1305,100.0,100.0,100.0,complete
WP_277141172.1,NZ_CP113945.1,260131,261435,+,1305,100.0,100.0,100.0,complete
OZX58_RS01300,NZ_CP113945.1,261579,263075,+,1497,100.0,100.0,100.0,complete
WP_277141173.1,NZ_CP113945.1,261579,263075,+,1497,100.0,100.0,100.0,complete
OZX58_RS01305,NZ_CP113945.1,263333,264634,+,1302,100.0,100.0,100.0,complete
WP_277141174.1,NZ_CP113945.1,263333,264634,+,1302,100.0,100.0,100.0,complete
OZX58_RS01310,NZ_CP113945.1,264775,265692,+,918,100.0,100.0,100.0,complete
WP_277130727.1,NZ_CP113945.1,264775,265692,+,918,100.0,100.0,100.0,complete
OZX58_RS01315,NZ_CP113945.1,265707,266627,+,921,100.0,100.0,100.0,complete
WP_277141175.1,NZ_CP113945.1,265707,266627,+,921,100.0,100.0,100.0,complete
OZX58_RS01320,NZ_CP113945.1,266753,267316,+,564,100.0,100.0,100.0,complete
WP_277130723.1,NZ_CP113945.1,266753,267316,+,564,100.0,100.0,100.0,complete
OZX58_RS01325,NZ_CP113945.1,267332,270199,+,2868,100.0,100.0,100.0,complete
WP_277141176.1,NZ_CP113945.1,267332,270199,+,2868,100.0,100.0,100.0,complete
OZX58_RS01330,NZ_CP113945.1,270343,271362,+,1020,100.0,100.0,100.0,complete
WP_277141177.1,NZ_CP113945.1,270343,271362,+,1020,100.0,100.0,100.0,complete
OZX58_RS01335,NZ_CP113945.1,271421,272797,-,1377,100.0,100.0,100.0,complete
WP_277141178.1,NZ_CP113945.1,271421,272797,-,1377,100.0,100.0,100.0,complete
OZX58_RS01340,NZ_CP113945.1,272971,273750,-,780,100.0,100.0,100.0,complete
WP_277141179.1,NZ_CP113945.1,272971,273750,-,780,100.0,100.0,100.0,complete
OZX58_RS01345,NZ_CP113945.1,273834,274262,-,429,100.0,100.0,100.0,complete
WP_277141180.1,NZ_CP113945.1,273834,274262,-,429,100.0,100.0,100.0,complete
OZX58_RS01350,NZ_CP113945.1,274383,274991,+,609,100.0,100.0,100.0,complete
WP_277130714.1,NZ_CP113945.1,274383,274991,+,609,100.0,100.0,100.0,complete
OZX58_RS01355,NZ_CP113945.1,274991,275533,+,543,100.0,100.0,100.0,complete
WP_277141181.1,NZ_CP113945.1,274991,275533,+,543,100.0,100.0,100.0,complete
serS,NZ_CP113945.1,275760,277067,+,1308,100.0,100.0,100.0,complete
WP_277141182.1,NZ_CP113945.1,275760,277067,+,1308,100.0,100.0,100.0,complete
OZX58_RS01365,NZ_CP113945.1,277659,279226,+,1568,0.0,0.0,0.0,missing
OZX58_RS01370,NZ_CP113945.1,279439,282350,+,2912,100.0,100.0,100.0,complete
rrf,NZ_CP113945.1,282433,282549,+,117,100.0,100.0,100.0,complete
OZX58_RS01380,NZ_CP113945.1,282561,282633,+,73,76.71232876712328,100.0,93.01369863013699,incomplete
OZX58_RS01385,NZ_CP113945.1,282759,283760,+,1002,100.0,100.0,100.0,complete
WP_277141183.1,NZ_CP113945.1,282759,283760,+,1002,100.0,100.0,100.0,complete
OZX58_RS01390,NZ_CP113945.1,283779,284585,+,807,100.0,100.0,100.0,complete
WP_277131309.1,NZ_CP113945.1,283779,284585,+,807,100.0,100.0,100.0,complete
OZX58_RS01395,NZ_CP113945.1,284612,285526,+,915,100.0,100.0,100.0,complete
WP_277131311.1,NZ_CP113945.1,284612,285526,+,915,100.0,100.0,100.0,complete
OZX58_RS01400,NZ_CP113945.1,285533,285892,+,360,100.0,100.0,100.0,complete
WP_277131312.1,NZ_CP113945.1,285533,285892,+,360,100.0,100.0,100.0,complete
OZX58_RS01405,NZ_CP113945.1,285943,287313,-,1371,100.0,100.0,100.0,complete
WP_277141184.1,NZ_CP113945.1,285943,287313,-,1371,100.0,100.0,100.0,complete
OZX58_RS01410,NZ_CP113945.1,287374,288744,-,1371,100.0,100.0,100.0,complete
WP_277141185.1,NZ_CP113945.1,287374,288744,-,1371,100.0,100.0,100.0,complete
OZX58_RS01415,NZ_CP113945.1,288954,289502,+,549,100.0,100.0,100.0,complete
WP_277141186.1,NZ_CP113945.1,288954,289502,+,549,100.0,100.0,100.0,complete
galE,NZ_CP113945.1,289540,290532,-,993,100.0,100.0,100.0,complete
WP_277141187.1,NZ_CP113945.1,289540,290532,-,993,100.0,100.0,100.0,complete
OZX58_RS01425,NZ_CP113945.1,290679,291437,+,759,100.0,100.0,100.0,complete
WP_277141188.1,NZ_CP113945.1,290679,291437,+,759,100.0,100.0,100.0,complete
OZX58_RS01430,NZ_CP113945.1,291508,291580,+,73,100.0,100.0,100.0,complete
OZX58_RS01435,NZ_CP113945.1,291884,292117,+,234,100.0,100.0,100.0,complete
WP_277141189.1,NZ_CP113945.1,291884,292117,+,234,100.0,100.0,100.0,complete
OZX58_RS01440,NZ_CP113945.1,292624,293757,-,1134,100.0,100.0,100.0,complete
WP_277141190.1,NZ_CP113945.1,292624,293757,-,1134,100.0,100.0,100.0,complete
OZX58_RS01445,NZ_CP113945.1,293947,294285,+,339,100.0,100.0,100.0,complete
WP_277141191.1,NZ_CP113945.1,293947,294285,+,339,100.0,100.0,100.0,complete
OZX58_RS01450,NZ_CP113945.1,294266,295387,+,1122,100.0,100.0,100.0,complete
WP_277141192.1,NZ_CP113945.1,294266,295387,+,1122,100.0,100.0,100.0,complete
OZX58_RS01455,NZ_CP113945.1,295384,295839,+,456,100.0,100.0,100.0,complete
WP_277141193.1,NZ_CP113945.1,295384,295839,+,456,100.0,100.0,100.0,complete
OZX58_RS01460,NZ_CP113945.1,296003,297043,+,1041,100.0,100.0,100.0,complete
WP_277141194.1,NZ_CP113945.1,296003,297043,+,1041,100.0,100.0,100.0,complete
OZX58_RS01465,NZ_CP113945.1,297301,298542,+,1242,100.0,100.0,100.0,complete
WP_277141195.1,NZ_CP113945.1,297301,298542,+,1242,100.0,100.0,100.0,complete
gap,NZ_CP113945.1,298920,299933,-,1014,100.0,100.0,100.0,complete
WP_277141196.1,NZ_CP113945.1,298920,299933,-,1014,100.0,100.0,100.0,complete
OZX58_RS01475,NZ_CP113945.1,300049,300789,+,741,100.0,100.0,100.0,complete
WP_277141197.1,NZ_CP113945.1,300049,300789,+,741,100.0,100.0,100.0,complete
OZX58_RS01480,NZ_CP113945.1,301087,301545,+,459,100.0,100.0,100.0,complete
WP_277141198.1,NZ_CP113945.1,301087,301545,+,459,100.0,100.0,100.0,complete
OZX58_RS01485,NZ_CP113945.1,301702,302784,-,1083,100.0,100.0,100.0,complete
WP_277141199.1,NZ_CP113945.1,301702,302784,-,1083,100.0,100.0,100.0,complete
OZX58_RS01490,NZ_CP113945.1,303179,304177,+,999,100.0,100.0,100.0,complete
WP_277141200.1,NZ_CP113945.1,303179,304177,+,999,100.0,100.0,100.0,complete
OZX58_RS01495,NZ_CP113945.1,304223,304807,-,585,100.0,100.0,100.0,complete
WP_277141201.1,NZ_CP113945.1,304223,304807,-,585,100.0,100.0,100.0,complete
OZX58_RS01500,NZ_CP113945.1,304809,305345,-,537,100.0,100.0,100.0,complete
WP_277141202.1,NZ_CP113945.1,304809,305345,-,537,100.0,100.0,100.0,complete
OZX58_RS01505,NZ_CP113945.1,305984,306640,+,657,100.0,100.0,100.0,complete
WP_277141203.1,NZ_CP113945.1,305984,306640,+,657,100.0,100.0,100.0,complete
OZX58_RS01510,NZ_CP113945.1,306726,307895,-,1170,100.0,100.0,100.0,complete
WP_277141204.1,NZ_CP113945.1,306726,307895,-,1170,100.0,100.0,100.0,complete
OZX58_RS01515,NZ_CP113945.1,308093,309148,+,1056,100.0,100.0,100.0,complete
WP_277141205.1,NZ_CP113945.1,308093,309148,+,1056,100.0,100.0,100.0,complete
OZX58_RS01520,NZ_CP113945.1,309212,310021,-,810,100.0,100.0,100.0,complete
WP_277141206.1,NZ_CP113945.1,309212,310021,-,810,100.0,100.0,100.0,complete
OZX58_RS01525,NZ_CP113945.1,310099,310614,+,516,100.0,100.0,100.0,complete
WP_277141207.1,NZ_CP113945.1,310099,310614,+,516,100.0,100.0,100.0,complete
OZX58_RS01530,NZ_CP113945.1,310700,310771,+,72,100.0,100.0,100.0,complete
OZX58_RS01535,NZ_CP113945.1,312089,314086,-,1998,100.0,100.0,100.0,complete
WP_277141208.1,NZ_CP113945.1,312089,314086,-,1998,100.0,100.0,100.0,complete
OZX58_RS01540,NZ_CP113945.1,314250,314960,+,711,100.0,100.0,100.0,complete
WP_277141209.1,NZ_CP113945.1,314250,314960,+,711,100.0,100.0,100.0,complete
OZX58_RS01545,NZ_CP113945.1,315055,316236,+,1182,100.0,100.0,100.0,complete
WP_277141210.1,NZ_CP113945.1,315055,316236,+,1182,100.0,100.0,100.0,complete
OZX58_RS01550,NZ_CP113945.1,316300,316381,+,82,100.0,100.0,100.0,complete
OZX58_RS01555,NZ_CP113945.1,316387,316458,+,72,100.0,100.0,100.0,complete
OZX58_RS01560,NZ_CP113945.1,316569,317606,-,1038,100.0,100.0,100.0,complete
WP_277141211.1,NZ_CP113945.1,316569,317606,-,1038,100.0,100.0,100.0,complete
OZX58_RS01565,NZ_CP113945.1,317849,318967,+,1119,100.0,100.0,100.0,complete
WP_277141212.1,NZ_CP113945.1,317849,318967,+,1119,100.0,100.0,100.0,complete
OZX58_RS01570,NZ_CP113945.1,319045,319743,+,699,100.0,100.0,100.0,complete
WP_277141213.1,NZ_CP113945.1,319045,319743,+,699,100.0,100.0,100.0,complete
tagD,NZ_CP113945.1,319785,320171,-,387,100.0,100.0,100.0,complete
WP_277131359.1,NZ_CP113945.1,319785,320171,-,387,100.0,100.0,100.0,complete
OZX58_RS01580,NZ_CP113945.1,320299,321024,+,726,100.0,100.0,100.0,complete
WP_277141214.1,NZ_CP113945.1,320299,321024,+,726,100.0,100.0,100.0,complete
OZX58_RS01585,NZ_CP113945.1,321031,322128,+,1098,100.0,100.0,100.0,complete
WP_277141215.1,NZ_CP113945.1,321031,322128,+,1098,100.0,100.0,100.0,complete
OZX58_RS01590,NZ_CP113945.1,322206,323684,+,1479,100.0,100.0,100.0,complete
WP_277131365.1,NZ_CP113945.1,322206,323684,+,1479,100.0,100.0,100.0,complete
nadE,NZ_CP113945.1,323681,324511,+,831,100.0,100.0,100.0,complete
WP_277141216.1,NZ_CP113945.1,323681,324511,+,831,100.0,100.0,100.0,complete
OZX58_RS01600,NZ_CP113945.1,324647,325198,+,552,100.0,100.0,100.0,complete
WP_277141217.1,NZ_CP113945.1,324647,325198,+,552,100.0,100.0,100.0,complete
OZX58_RS01605,NZ_CP113945.1,325341,326405,+,1065,100.0,100.0,100.0,complete
WP_277141218.1,NZ_CP113945.1,325341,326405,+,1065,100.0,100.0,100.0,complete
OZX58_RS01610,NZ_CP113945.1,326502,327092,+,591,100.0,100.0,100.0,complete
WP_277141219.1,NZ_CP113945.1,326502,327092,+,591,100.0,100.0,100.0,complete
OZX58_RS01615,NZ_CP113945.1,327456,327920,+,465,100.0,100.0,100.0,complete
WP_277141220.1,NZ_CP113945.1,327456,327920,+,465,100.0,100.0,100.0,complete
alaS,NZ_CP113945.1,328196,330835,+,2640,100.0,100.0,100.0,complete
WP_277141221.1,NZ_CP113945.1,328196,330835,+,2640,100.0,100.0,100.0,complete
OZX58_RS01625,NZ_CP113945.1,330888,331145,+,258,100.0,100.0,100.0,complete
WP_212781015.1,NZ_CP113945.1,330888,331145,+,258,100.0,100.0,100.0,complete
ruvX,NZ_CP113945.1,331145,331573,+,429,100.0,100.0,100.0,complete
WP_277141222.1,NZ_CP113945.1,331145,331573,+,429,100.0,100.0,100.0,complete
OZX58_RS01635,NZ_CP113945.1,331575,331880,+,306,100.0,100.0,100.0,complete
WP_277134296.1,NZ_CP113945.1,331575,331880,+,306,100.0,100.0,100.0,complete
OZX58_RS01640,NZ_CP113945.1,331938,334292,+,2355,100.0,100.0,100.0,complete
WP_277141223.1,NZ_CP113945.1,331938,334292,+,2355,100.0,100.0,100.0,complete
trxA,NZ_CP113945.1,334379,334690,+,312,100.0,100.0,100.0,complete
WP_277131380.1,NZ_CP113945.1,334379,334690,+,312,100.0,100.0,100.0,complete
mscL,NZ_CP113945.1,334801,335172,-,372,100.0,100.0,100.0,complete
WP_277131381.1,NZ_CP113945.1,334801,335172,-,372,100.0,100.0,100.0,complete
OZX58_RS01655,NZ_CP113945.1,335242,335649,-,408,100.0,100.0,100.0,complete
WP_277141224.1,NZ_CP113945.1,335242,335649,-,408,100.0,100.0,100.0,complete
murI,NZ_CP113945.1,335730,336533,+,804,100.0,100.0,100.0,complete
WP_277141225.1,NZ_CP113945.1,335730,336533,+,804,100.0,100.0,100.0,complete
OZX58_RS01665,NZ_CP113945.1,336533,337153,+,621,100.0,100.0,100.0,complete
WP_277141708.1,NZ_CP113945.1,336533,337153,+,621,100.0,100.0,100.0,complete
OZX58_RS01670,NZ_CP113945.1,337190,338005,-,816,100.0,100.0,100.0,complete
WP_277141226.1,NZ_CP113945.1,337190,338005,-,816,100.0,100.0,100.0,complete
OZX58_RS01675,NZ_CP113945.1,338117,338542,+,426,100.0,100.0,100.0,complete
WP_277131386.1,NZ_CP113945.1,338117,338542,+,426,100.0,100.0,100.0,complete
OZX58_RS01680,NZ_CP113945.1,338560,338922,+,363,100.0,100.0,100.0,complete
WP_277141227.1,NZ_CP113945.1,338560,338922,+,363,100.0,100.0,100.0,complete
OZX58_RS01685,NZ_CP113945.1,338986,340092,-,1107,100.0,100.0,100.0,complete
WP_277141228.1,NZ_CP113945.1,338986,340092,-,1107,100.0,100.0,100.0,complete
OZX58_RS01690,NZ_CP113945.1,340243,341244,+,1002,100.0,100.0,100.0,complete
WP_277141229.1,NZ_CP113945.1,340243,341244,+,1002,100.0,100.0,100.0,complete
OZX58_RS01695,NZ_CP113945.1,341288,342658,-,1371,100.0,100.0,100.0,complete
WP_277141230.1,NZ_CP113945.1,341288,342658,-,1371,100.0,100.0,100.0,complete
OZX58_RS01700,NZ_CP113945.1,342746,343078,+,333,100.0,100.0,100.0,complete
WP_277141231.1,NZ_CP113945.1,342746,343078,+,333,100.0,100.0,100.0,complete
OZX58_RS01705,NZ_CP113945.1,343091,344461,+,1371,100.0,100.0,100.0,complete
WP_277141232.1,NZ_CP113945.1,343091,344461,+,1371,100.0,100.0,100.0,complete
OZX58_RS01710,NZ_CP113945.1,344467,345063,+,597,100.0,100.0,100.0,complete
WP_277141233.1,NZ_CP113945.1,344467,345063,+,597,100.0,100.0,100.0,complete
OZX58_RS01715,NZ_CP113945.1,345064,345837,+,774,100.0,100.0,100.0,complete
WP_277141234.1,NZ_CP113945.1,345064,345837,+,774,100.0,100.0,100.0,complete
OZX58_RS01720,NZ_CP113945.1,345834,346442,+,609,100.0,100.0,100.0,complete
WP_277141235.1,NZ_CP113945.1,345834,346442,+,609,100.0,100.0,100.0,complete
OZX58_RS01725,NZ_CP113945.1,346456,347106,-,651,100.0,100.0,100.0,complete
WP_277141236.1,NZ_CP113945.1,346456,347106,-,651,100.0,100.0,100.0,complete
OZX58_RS01730,NZ_CP113945.1,347115,348050,-,936,100.0,100.0,100.0,complete
WP_277141237.1,NZ_CP113945.1,347115,348050,-,936,100.0,100.0,100.0,complete
OZX58_RS01735,NZ_CP113945.1,348552,350120,+,1569,0.0,0.0,0.0,missing
OZX58_RS01740,NZ_CP113945.1,350255,350328,+,74,0.0,0.0,0.0,missing
OZX58_RS01745,NZ_CP113945.1,350366,350438,+,73,0.0,0.0,0.0,missing
OZX58_RS01750,NZ_CP113945.1,350561,353471,+,2911,0.0,0.0,0.0,missing
rrf,NZ_CP113945.1,353554,353670,+,117,0.0,0.0,0.0,missing
OZX58_RS01760,NZ_CP113945.1,353674,353746,+,73,100.0,100.0,100.0,complete
OZX58_RS01765,NZ_CP113945.1,353751,353823,+,73,100.0,100.0,100.0,complete
OZX58_RS01770,NZ_CP113945.1,353836,353917,+,82,100.0,100.0,100.0,complete
OZX58_RS01775,NZ_CP113945.1,353950,354022,+,73,100.0,100.0,100.0,complete
OZX58_RS01780,NZ_CP113945.1,354035,354106,+,72,100.0,100.0,100.0,complete
OZX58_RS01785,NZ_CP113945.1,354116,354201,+,86,100.0,100.0,100.0,complete
OZX58_RS01790,NZ_CP113945.1,354211,354284,+,74,100.0,100.0,100.0,complete
OZX58_RS01795,NZ_CP113945.1,354291,354364,+,74,100.0,100.0,100.0,complete
OZX58_RS01800,NZ_CP113945.1,354399,354472,+,74,100.0,100.0,100.0,complete
OZX58_RS01805,NZ_CP113945.1,354484,354557,+,74,100.0,100.0,100.0,complete
OZX58_RS01810,NZ_CP113945.1,354592,354665,+,74,100.0,100.0,100.0,complete
OZX58_RS01815,NZ_CP113945.1,354669,354742,+,74,100.0,100.0,100.0,complete
OZX58_RS01820,NZ_CP113945.1,354749,354821,+,73,100.0,100.0,100.0,complete
OZX58_RS01825,NZ_CP113945.1,354837,354907,+,71,100.0,100.0,100.0,complete
OZX58_RS01830,NZ_CP113945.1,354913,354986,+,74,100.0,100.0,100.0,complete
OZX58_RS01835,NZ_CP113945.1,354989,355078,+,90,100.0,100.0,100.0,complete
OZX58_RS01840,NZ_CP113945.1,355756,355827,+,72,100.0,100.0,100.0,complete
OZX58_RS01845,NZ_CP113945.1,355864,355950,+,87,100.0,100.0,100.0,complete
OZX58_RS01850,NZ_CP113945.1,355960,356033,+,74,100.0,100.0,100.0,complete
OZX58_RS01855,NZ_CP113945.1,356037,356110,+,74,100.0,100.0,100.0,complete
OZX58_RS01860,NZ_CP113945.1,356117,356189,+,73,100.0,100.0,100.0,complete
OZX58_RS01865,NZ_CP113945.1,356197,356278,+,82,100.0,100.0,100.0,complete
OZX58_RS01870,NZ_CP113945.1,356283,356353,+,71,100.0,100.0,100.0,complete
OZX58_RS01875,NZ_CP113945.1,356366,356438,+,73,100.0,100.0,100.0,complete
OZX58_RS01880,NZ_CP113945.1,356446,356517,+,72,100.0,100.0,100.0,complete
OZX58_RS01885,NZ_CP113945.1,356539,356609,+,71,100.0,100.0,100.0,complete
OZX58_RS01890,NZ_CP113945.1,356653,356737,+,85,100.0,100.0,100.0,complete
OZX58_RS01895,NZ_CP113945.1,356856,358028,+,1173,100.0,100.0,100.0,complete
WP_277141238.1,NZ_CP113945.1,356856,358028,+,1173,100.0,100.0,100.0,complete
OZX58_RS01900,NZ_CP113945.1,358021,359064,+,1044,100.0,100.0,100.0,complete
WP_277141239.1,NZ_CP113945.1,358021,359064,+,1044,100.0,100.0,100.0,complete
OZX58_RS01905,NZ_CP113945.1,359064,360089,+,1026,100.0,100.0,100.0,complete
WP_277141240.1,NZ_CP113945.1,359064,360089,+,1026,100.0,100.0,100.0,complete
OZX58_RS01910,NZ_CP113945.1,360159,362219,+,2061,100.0,100.0,100.0,complete
WP_277141241.1,NZ_CP113945.1,360159,362219,+,2061,100.0,100.0,100.0,complete
secG,NZ_CP113945.1,362289,362522,+,234,100.0,100.0,100.0,complete
WP_038521563.1,NZ_CP113945.1,362289,362522,+,234,100.0,100.0,100.0,complete
rnr,NZ_CP113945.1,362598,364934,+,2337,100.0,100.0,100.0,complete
WP_277141242.1,NZ_CP113945.1,362598,364934,+,2337,100.0,100.0,100.0,complete
smpB,NZ_CP113945.1,364947,365402,+,456,100.0,100.0,100.0,complete
WP_277131040.1,NZ_CP113945.1,364947,365402,+,456,100.0,100.0,100.0,complete
OZX58_RS01930,NZ_CP113945.1,365742,366398,+,657,100.0,100.0,100.0,complete
WP_277141243.1,NZ_CP113945.1,365742,366398,+,657,100.0,100.0,100.0,complete
OZX58_RS01935,NZ_CP113945.1,366477,367823,+,1347,100.0,100.0,100.0,complete
WP_277141245.1,NZ_CP113945.1,366477,367823,+,1347,100.0,100.0,100.0,complete
hpt,NZ_CP113945.1,367879,368448,-,570,100.0,100.0,100.0,complete
WP_277141246.1,NZ_CP113945.1,367879,368448,-,570,100.0,100.0,100.0,complete
OZX58_RS01945,NZ_CP113945.1,368689,369771,+,1083,100.0,100.0,100.0,complete
WP_277131045.1,NZ_CP113945.1,368689,369771,+,1083,100.0,100.0,100.0,complete
OZX58_RS01950,NZ_CP113945.1,369874,371100,+,1227,100.0,100.0,100.0,complete
WP_277131046.1,NZ_CP113945.1,369874,371100,+,1227,100.0,100.0,100.0,complete
OZX58_RS01955,NZ_CP113945.1,371295,371873,+,579,100.0,100.0,100.0,complete
WP_277141247.1,NZ_CP113945.1,371295,371873,+,579,100.0,100.0,100.0,complete
OZX58_RS01960,NZ_CP113945.1,371887,372465,+,579,100.0,100.0,100.0,complete
WP_277141248.1,NZ_CP113945.1,371887,372465,+,579,100.0,100.0,100.0,complete
udk,NZ_CP113945.1,372509,373153,-,645,100.0,100.0,100.0,complete
WP_277141250.1,NZ_CP113945.1,372509,373153,-,645,100.0,100.0,100.0,complete
scrK,NZ_CP113945.1,373353,374225,+,873,100.0,100.0,100.0,complete
WP_277141251.1,NZ_CP113945.1,373353,374225,+,873,100.0,100.0,100.0,complete
cds-OZX58_RS01975,NZ_CP113945.1,374258,375217,+,960,100.0,100.0,100.0,complete
OZX58_RS01980,NZ_CP113945.1,375304,376614,+,1311,100.0,100.0,100.0,complete
WP_277141252.1,NZ_CP113945.1,375304,376614,+,1311,100.0,100.0,100.0,complete
OZX58_RS01985,NZ_CP113945.1,376759,377229,+,471,100.0,100.0,100.0,complete
WP_277141253.1,NZ_CP113945.1,376759,377229,+,471,100.0,100.0,100.0,complete
rpiA,NZ_CP113945.1,377355,378047,+,693,100.0,100.0,100.0,complete
WP_277141255.1,NZ_CP113945.1,377355,378047,+,693,100.0,100.0,100.0,complete
OZX58_RS01995,NZ_CP113945.1,378167,379087,+,921,100.0,100.0,100.0,complete
WP_277141256.1,NZ_CP113945.1,378167,379087,+,921,100.0,100.0,100.0,complete
OZX58_RS02000,NZ_CP113945.1,379099,379824,+,726,100.0,100.0,100.0,complete
WP_277141257.1,NZ_CP113945.1,379099,379824,+,726,100.0,100.0,100.0,complete
OZX58_RS02005,NZ_CP113945.1,379892,380665,-,774,100.0,100.0,100.0,complete
WP_277141258.1,NZ_CP113945.1,379892,380665,-,774,100.0,100.0,100.0,complete
OZX58_RS02010,NZ_CP113945.1,380953,383352,+,2400,100.0,100.0,100.0,complete
WP_277141259.1,NZ_CP113945.1,380953,383352,+,2400,100.0,100.0,100.0,complete
OZX58_RS02015,NZ_CP113945.1,384129,386795,+,2667,100.0,100.0,100.0,complete
WP_277141260.1,NZ_CP113945.1,384129,386795,+,2667,100.0,100.0,100.0,complete
OZX58_RS02020,NZ_CP113945.1,386869,387318,-,450,100.0,100.0,100.0,complete
WP_277141261.1,NZ_CP113945.1,386869,387318,-,450,100.0,100.0,100.0,complete
OZX58_RS02025,NZ_CP113945.1,387462,388868,+,1407,100.0,100.0,100.0,complete
WP_277141710.1,NZ_CP113945.1,387462,388868,+,1407,100.0,100.0,100.0,complete
OZX58_RS02030,NZ_CP113945.1,389068,389805,+,738,100.0,100.0,100.0,complete
WP_277131073.1,NZ_CP113945.1,389068,389805,+,738,100.0,100.0,100.0,complete
OZX58_RS02035,NZ_CP113945.1,389819,390634,+,816,100.0,100.0,100.0,complete
WP_277141262.1,NZ_CP113945.1,389819,390634,+,816,100.0,100.0,100.0,complete
OZX58_RS02040,NZ_CP113945.1,390631,391269,+,639,100.0,100.0,100.0,complete
WP_277131075.1,NZ_CP113945.1,390631,391269,+,639,100.0,100.0,100.0,complete
OZX58_RS02045,NZ_CP113945.1,391283,391936,+,654,100.0,100.0,100.0,complete
WP_277131077.1,NZ_CP113945.1,391283,391936,+,654,100.0,100.0,100.0,complete
OZX58_RS02050,NZ_CP113945.1,392038,393192,+,1155,100.0,100.0,100.0,complete
WP_277141263.1,NZ_CP113945.1,392038,393192,+,1155,100.0,100.0,100.0,complete
OZX58_RS02055,NZ_CP113945.1,393203,394633,+,1431,100.0,100.0,100.0,complete
WP_277141264.1,NZ_CP113945.1,393203,394633,+,1431,100.0,100.0,100.0,complete
OZX58_RS02060,NZ_CP113945.1,394636,395334,+,699,100.0,100.0,100.0,complete
WP_277141265.1,NZ_CP113945.1,394636,395334,+,699,100.0,100.0,100.0,complete
OZX58_RS02065,NZ_CP113945.1,395337,395798,+,462,100.0,100.0,100.0,complete
WP_277141266.1,NZ_CP113945.1,395337,395798,+,462,100.0,100.0,100.0,complete
OZX58_RS02070,NZ_CP113945.1,395906,396565,+,660,100.0,100.0,100.0,complete
WP_277141267.1,NZ_CP113945.1,395906,396565,+,660,100.0,100.0,100.0,complete
OZX58_RS02075,NZ_CP113945.1,396640,398391,+,1752,100.0,100.0,100.0,complete
WP_277141268.1,NZ_CP113945.1,396640,398391,+,1752,100.0,100.0,100.0,complete
OZX58_RS02080,NZ_CP113945.1,398460,398545,+,86,100.0,100.0,100.0,complete
OZX58_RS02085,NZ_CP113945.1,398697,399344,+,648,100.0,100.0,100.0,complete
WP_277141269.1,NZ_CP113945.1,398697,399344,+,648,100.0,100.0,100.0,complete
pcrA,NZ_CP113945.1,399425,401668,+,2244,100.0,100.0,100.0,complete
WP_277141270.1,NZ_CP113945.1,399425,401668,+,2244,100.0,100.0,100.0,complete
ligA,NZ_CP113945.1,401707,403719,+,2013,100.0,100.0,100.0,complete
WP_277141271.1,NZ_CP113945.1,401707,403719,+,2013,100.0,100.0,100.0,complete
OZX58_RS02100,NZ_CP113945.1,403733,404872,+,1140,100.0,100.0,100.0,complete
WP_277141712.1,NZ_CP113945.1,403733,404872,+,1140,100.0,100.0,100.0,complete
gatC,NZ_CP113945.1,404886,405188,+,303,100.0,100.0,100.0,complete
WP_277141272.1,NZ_CP113945.1,404886,405188,+,303,100.0,100.0,100.0,complete
gatA,NZ_CP113945.1,405188,406627,+,1440,100.0,100.0,100.0,complete
WP_277141273.1,NZ_CP113945.1,405188,406627,+,1440,100.0,100.0,100.0,complete
gatB,NZ_CP113945.1,406631,408061,+,1431,100.0,100.0,100.0,complete
WP_277131099.1,NZ_CP113945.1,406631,408061,+,1431,100.0,100.0,100.0,complete
OZX58_RS02120,NZ_CP113945.1,408092,409012,+,921,100.0,100.0,100.0,complete
WP_277141274.1,NZ_CP113945.1,408092,409012,+,921,100.0,100.0,100.0,complete
OZX58_RS02125,NZ_CP113945.1,409265,420253,+,10989,100.0,100.0,100.0,complete
WP_277141275.1,NZ_CP113945.1,409265,420253,+,10989,100.0,100.0,100.0,complete
OZX58_RS02130,NZ_CP113945.1,420325,421032,-,708,100.0,100.0,100.0,complete
WP_277141276.1,NZ_CP113945.1,420325,421032,-,708,100.0,100.0,100.0,complete
rlmD,NZ_CP113945.1,421212,422558,+,1347,100.0,100.0,100.0,complete
WP_277141277.1,NZ_CP113945.1,421212,422558,+,1347,100.0,100.0,100.0,complete
OZX58_RS02140,NZ_CP113945.1,422755,423729,+,975,100.0,100.0,100.0,complete
WP_277141278.1,NZ_CP113945.1,422755,423729,+,975,100.0,100.0,100.0,complete
OZX58_RS02145,NZ_CP113945.1,423713,424447,+,735,100.0,100.0,100.0,complete
WP_277141279.1,NZ_CP113945.1,423713,424447,+,735,100.0,100.0,100.0,complete
OZX58_RS02150,NZ_CP113945.1,424601,425080,+,480,100.0,100.0,100.0,complete
WP_277141280.1,NZ_CP113945.1,424601,425080,+,480,100.0,100.0,100.0,complete
OZX58_RS02155,NZ_CP113945.1,425383,426864,+,1482,100.0,100.0,100.0,complete
WP_277141281.1,NZ_CP113945.1,425383,426864,+,1482,100.0,100.0,100.0,complete
OZX58_RS02160,NZ_CP113945.1,426970,428013,+,1044,100.0,100.0,100.0,complete
WP_277141282.1,NZ_CP113945.1,426970,428013,+,1044,100.0,100.0,100.0,complete
OZX58_RS02165,NZ_CP113945.1,428137,428457,+,321,100.0,100.0,100.0,complete
WP_277141283.1,NZ_CP113945.1,428137,428457,+,321,100.0,100.0,100.0,complete
OZX58_RS02170,NZ_CP113945.1,428549,429181,+,633,100.0,100.0,100.0,complete
WP_277141284.1,NZ_CP113945.1,428549,429181,+,633,100.0,100.0,100.0,complete
OZX58_RS02175,NZ_CP113945.1,429198,431066,+,1869,100.0,100.0,100.0,complete
WP_277141285.1,NZ_CP113945.1,429198,431066,+,1869,100.0,100.0,100.0,complete
OZX58_RS02180,NZ_CP113945.1,431200,433098,+,1899,100.0,100.0,100.0,complete
WP_348635853.1,NZ_CP113945.1,431200,433098,+,1899,100.0,100.0,100.0,complete
OZX58_RS02185,NZ_CP113945.1,433191,433622,+,432,100.0,100.0,100.0,complete
WP_277141716.1,NZ_CP113945.1,433191,433622,+,432,100.0,100.0,100.0,complete
OZX58_RS02190,NZ_CP113945.1,433675,434862,-,1188,100.0,100.0,100.0,complete
WP_277141718.1,NZ_CP113945.1,433675,434862,-,1188,100.0,100.0,100.0,complete
OZX58_RS02195,NZ_CP113945.1,435047,436246,+,1200,100.0,100.0,100.0,complete
WP_277141286.1,NZ_CP113945.1,435047,436246,+,1200,100.0,100.0,100.0,complete
OZX58_RS02200,NZ_CP113945.1,436278,437462,+,1185,100.0,100.0,100.0,complete
WP_277141287.1,NZ_CP113945.1,436278,437462,+,1185,100.0,100.0,100.0,complete
OZX58_RS02205,NZ_CP113945.1,437905,439089,+,1185,100.0,100.0,100.0,complete
WP_277141288.1,NZ_CP113945.1,437905,439089,+,1185,100.0,100.0,100.0,complete
OZX58_RS02210,NZ_CP113945.1,439201,440382,+,1182,100.0,100.0,100.0,complete
WP_277131135.1,NZ_CP113945.1,439201,440382,+,1182,100.0,100.0,100.0,complete
OZX58_RS02215,NZ_CP113945.1,440515,441993,+,1479,100.0,100.0,100.0,complete
WP_277141289.1,NZ_CP113945.1,440515,441993,+,1479,100.0,100.0,100.0,complete
OZX58_RS02220,NZ_CP113945.1,442106,443107,+,1002,100.0,100.0,100.0,complete
WP_277141290.1,NZ_CP113945.1,442106,443107,+,1002,100.0,100.0,100.0,complete
OZX58_RS02225,NZ_CP113945.1,443251,443961,+,711,100.0,100.0,100.0,complete
WP_277141291.1,NZ_CP113945.1,443251,443961,+,711,100.0,100.0,100.0,complete
OZX58_RS02230,NZ_CP113945.1,443958,445196,+,1239,100.0,100.0,100.0,complete
WP_277141721.1,NZ_CP113945.1,443958,445196,+,1239,100.0,100.0,100.0,complete
OZX58_RS02235,NZ_CP113945.1,445193,446521,+,1329,100.0,100.0,100.0,complete
WP_277141292.1,NZ_CP113945.1,445193,446521,+,1329,100.0,100.0,100.0,complete
OZX58_RS02240,NZ_CP113945.1,446575,446647,+,73,100.0,100.0,100.0,complete
OZX58_RS02245,NZ_CP113945.1,446761,447015,-,255,100.0,100.0,100.0,complete
WP_277141293.1,NZ_CP113945.1,446761,447015,-,255,100.0,100.0,100.0,complete
OZX58_RS02250,NZ_CP113945.1,447152,447292,+,141,100.0,100.0,100.0,complete
WP_277141294.1,NZ_CP113945.1,447152,447292,+,141,100.0,100.0,100.0,complete
OZX58_RS02255,NZ_CP113945.1,447308,447430,+,123,100.0,100.0,100.0,complete
WP_277141295.1,NZ_CP113945.1,447308,447430,+,123,100.0,100.0,100.0,complete
OZX58_RS02260,NZ_CP113945.1,447850,448212,-,363,100.0,100.0,100.0,complete
WP_277141296.1,NZ_CP113945.1,447850,448212,-,363,100.0,100.0,100.0,complete
OZX58_RS02265,NZ_CP113945.1,448403,448591,-,189,100.0,100.0,100.0,complete
WP_277141297.1,NZ_CP113945.1,448403,448591,-,189,100.0,100.0,100.0,complete
wecB,NZ_CP113945.1,448690,449832,+,1143,100.0,100.0,100.0,complete
WP_277141298.1,NZ_CP113945.1,448690,449832,+,1143,100.0,100.0,100.0,complete
OZX58_RS02275,NZ_CP113945.1,449885,450373,-,489,100.0,100.0,100.0,complete
WP_277131150.1,NZ_CP113945.1,449885,450373,-,489,100.0,100.0,100.0,complete
OZX58_RS02280,NZ_CP113945.1,450366,450812,-,447,100.0,100.0,100.0,complete
WP_277141299.1,NZ_CP113945.1,450366,450812,-,447,100.0,100.0,100.0,complete
map,NZ_CP113945.1,450948,451775,+,828,100.0,100.0,100.0,complete
WP_277141300.1,NZ_CP113945.1,450948,451775,+,828,100.0,100.0,100.0,complete
OZX58_RS02290,NZ_CP113945.1,451782,452699,+,918,100.0,100.0,100.0,complete
WP_277131156.1,NZ_CP113945.1,451782,452699,+,918,100.0,100.0,100.0,complete
galU,NZ_CP113945.1,452768,453667,+,900,100.0,100.0,100.0,complete
WP_277141301.1,NZ_CP113945.1,452768,453667,+,900,100.0,100.0,100.0,complete
OZX58_RS02300,NZ_CP113945.1,453838,454989,+,1152,100.0,100.0,100.0,complete
WP_277141302.1,NZ_CP113945.1,453838,454989,+,1152,100.0,100.0,100.0,complete
OZX58_RS02305,NZ_CP113945.1,454990,456204,+,1215,100.0,100.0,100.0,complete
WP_277141303.1,NZ_CP113945.1,454990,456204,+,1215,100.0,100.0,100.0,complete
OZX58_RS02310,NZ_CP113945.1,456205,457368,+,1164,100.0,100.0,100.0,complete
WP_277141304.1,NZ_CP113945.1,456205,457368,+,1164,100.0,100.0,100.0,complete
OZX58_RS02315,NZ_CP113945.1,457398,457682,-,285,100.0,100.0,100.0,complete
WP_277141305.1,NZ_CP113945.1,457398,457682,-,285,100.0,100.0,100.0,complete
OZX58_RS02320,NZ_CP113945.1,457796,458713,+,918,100.0,100.0,100.0,complete
WP_277141723.1,NZ_CP113945.1,457796,458713,+,918,100.0,100.0,100.0,complete
rlmD,NZ_CP113945.1,458894,460273,-,1380,100.0,100.0,100.0,complete
WP_277141306.1,NZ_CP113945.1,458894,460273,-,1380,100.0,100.0,100.0,complete
recX,NZ_CP113945.1,460404,461219,+,816,100.0,100.0,100.0,complete
WP_277141307.1,NZ_CP113945.1,460404,461219,+,816,100.0,100.0,100.0,complete
OZX58_RS02335,NZ_CP113945.1,461230,461709,+,480,100.0,100.0,100.0,complete
WP_277131170.1,NZ_CP113945.1,461230,461709,+,480,100.0,100.0,100.0,complete
OZX58_RS02340,NZ_CP113945.1,461710,462171,-,462,100.0,100.0,100.0,complete
WP_277141308.1,NZ_CP113945.1,461710,462171,-,462,100.0,100.0,100.0,complete
OZX58_RS02345,NZ_CP113945.1,462273,463142,+,870,100.0,100.0,100.0,complete
WP_277141309.1,NZ_CP113945.1,462273,463142,+,870,100.0,100.0,100.0,complete
OZX58_RS02350,NZ_CP113945.1,463142,464713,+,1572,100.0,100.0,100.0,complete
WP_277141310.1,NZ_CP113945.1,463142,464713,+,1572,100.0,100.0,100.0,complete
OZX58_RS02355,NZ_CP113945.1,464780,465607,-,828,100.0,100.0,100.0,complete
WP_277141311.1,NZ_CP113945.1,464780,465607,-,828,100.0,100.0,100.0,complete
OZX58_RS02360,NZ_CP113945.1,465814,466077,-,264,100.0,100.0,100.0,complete
WP_277141312.1,NZ_CP113945.1,465814,466077,-,264,100.0,100.0,100.0,complete
OZX58_RS02365,NZ_CP113945.1,466234,466515,-,282,100.0,100.0,100.0,complete
WP_277131179.1,NZ_CP113945.1,466234,466515,-,282,100.0,100.0,100.0,complete
OZX58_RS02370,NZ_CP113945.1,466639,468831,-,2193,100.0,100.0,100.0,complete
WP_277141313.1,NZ_CP113945.1,466639,468831,-,2193,100.0,100.0,100.0,complete
OZX58_RS02375,NZ_CP113945.1,468985,469167,+,183,100.0,100.0,100.0,complete
WP_277131184.1,NZ_CP113945.1,468985,469167,+,183,100.0,100.0,100.0,complete
OZX58_RS02380,NZ_CP113945.1,469281,469547,+,267,100.0,100.0,100.0,complete
WP_277131186.1,NZ_CP113945.1,469281,469547,+,267,100.0,100.0,100.0,complete
ptsP,NZ_CP113945.1,469547,471280,+,1734,100.0,100.0,100.0,complete
WP_277131188.1,NZ_CP113945.1,469547,471280,+,1734,100.0,100.0,100.0,complete
spxA,NZ_CP113945.1,471489,471887,+,399,100.0,100.0,100.0,complete
WP_277131190.1,NZ_CP113945.1,471489,471887,+,399,100.0,100.0,100.0,complete
OZX58_RS02395,NZ_CP113945.1,471995,472738,+,744,100.0,100.0,100.0,complete
WP_277141314.1,NZ_CP113945.1,471995,472738,+,744,100.0,100.0,100.0,complete
OZX58_RS02400,NZ_CP113945.1,472786,473622,+,837,100.0,100.0,100.0,complete
WP_348635850.1,NZ_CP113945.1,472786,473622,+,837,100.0,100.0,100.0,complete
OZX58_RS02405,NZ_CP113945.1,473614,474252,-,639,100.0,100.0,100.0,complete
WP_277131194.1,NZ_CP113945.1,473614,474252,-,639,100.0,100.0,100.0,complete
OZX58_RS02410,NZ_CP113945.1,474334,474957,-,624,100.0,100.0,100.0,complete
WP_277141316.1,NZ_CP113945.1,474334,474957,-,624,100.0,100.0,100.0,complete
OZX58_RS02415,NZ_CP113945.1,475031,475663,+,633,100.0,100.0,100.0,complete
WP_277131197.1,NZ_CP113945.1,475031,475663,+,633,100.0,100.0,100.0,complete
OZX58_RS02420,NZ_CP113945.1,475660,476466,+,807,100.0,100.0,100.0,complete
WP_277141317.1,NZ_CP113945.1,475660,476466,+,807,100.0,100.0,100.0,complete
OZX58_RS02425,NZ_CP113945.1,476453,477343,+,891,100.0,100.0,100.0,complete
WP_277141318.1,NZ_CP113945.1,476453,477343,+,891,100.0,100.0,100.0,complete
OZX58_RS02430,NZ_CP113945.1,477432,478145,+,714,100.0,100.0,100.0,complete
WP_277141319.1,NZ_CP113945.1,477432,478145,+,714,100.0,100.0,100.0,complete
OZX58_RS02435,NZ_CP113945.1,478138,478875,+,738,100.0,100.0,100.0,complete
WP_277141320.1,NZ_CP113945.1,478138,478875,+,738,100.0,100.0,100.0,complete
OZX58_RS02440,NZ_CP113945.1,478872,479618,+,747,100.0,100.0,100.0,complete
WP_277141321.1,NZ_CP113945.1,478872,479618,+,747,100.0,100.0,100.0,complete
OZX58_RS02445,NZ_CP113945.1,479642,480325,+,684,100.0,100.0,100.0,complete
WP_277141322.1,NZ_CP113945.1,479642,480325,+,684,100.0,100.0,100.0,complete
OZX58_RS02450,NZ_CP113945.1,480292,481650,+,1359,100.0,100.0,100.0,complete
WP_277141323.1,NZ_CP113945.1,480292,481650,+,1359,100.0,100.0,100.0,complete
OZX58_RS02455,NZ_CP113945.1,481701,482726,-,1026,100.0,100.0,100.0,complete
WP_277141324.1,NZ_CP113945.1,481701,482726,-,1026,100.0,100.0,100.0,complete
OZX58_RS02460,NZ_CP113945.1,482853,485618,+,2766,100.0,100.0,100.0,complete
WP_277141325.1,NZ_CP113945.1,482853,485618,+,2766,100.0,100.0,100.0,complete
OZX58_RS02465,NZ_CP113945.1,485694,486074,+,381,100.0,100.0,100.0,complete
WP_277141326.1,NZ_CP113945.1,485694,486074,+,381,100.0,100.0,100.0,complete
OZX58_RS02470,NZ_CP113945.1,486088,487290,+,1203,100.0,100.0,100.0,complete
WP_277141327.1,NZ_CP113945.1,486088,487290,+,1203,100.0,100.0,100.0,complete
trmL,NZ_CP113945.1,487336,487893,+,558,100.0,100.0,100.0,complete
WP_277141328.1,NZ_CP113945.1,487336,487893,+,558,100.0,100.0,100.0,complete
OZX58_RS02480,NZ_CP113945.1,487893,488285,+,393,100.0,100.0,100.0,complete
WP_277141329.1,NZ_CP113945.1,487893,488285,+,393,100.0,100.0,100.0,complete
OZX58_RS02485,NZ_CP113945.1,488305,490788,+,2484,100.0,100.0,100.0,complete
WP_277141330.1,NZ_CP113945.1,488305,490788,+,2484,100.0,100.0,100.0,complete
OZX58_RS02490,NZ_CP113945.1,490962,491690,+,729,100.0,100.0,100.0,complete
WP_277141331.1,NZ_CP113945.1,490962,491690,+,729,100.0,100.0,100.0,complete
OZX58_RS02495,NZ_CP113945.1,491758,492831,+,1074,100.0,100.0,100.0,complete
WP_277141332.1,NZ_CP113945.1,491758,492831,+,1074,100.0,100.0,100.0,complete
pgsA,NZ_CP113945.1,492860,493420,+,561,100.0,100.0,100.0,complete
WP_277141333.1,NZ_CP113945.1,492860,493420,+,561,100.0,100.0,100.0,complete
recA,NZ_CP113945.1,493695,494801,+,1107,100.0,100.0,100.0,complete
WP_277131213.1,NZ_CP113945.1,493695,494801,+,1107,100.0,100.0,100.0,complete
rny,NZ_CP113945.1,494933,496564,+,1632,100.0,100.0,100.0,complete
WP_277141334.1,NZ_CP113945.1,494933,496564,+,1632,100.0,100.0,100.0,complete
OZX58_RS02515,NZ_CP113945.1,496679,497839,+,1161,100.0,100.0,100.0,complete
WP_277141335.1,NZ_CP113945.1,496679,497839,+,1161,100.0,100.0,100.0,complete
OZX58_RS02520,NZ_CP113945.1,497858,498517,-,660,100.0,100.0,100.0,complete
WP_277141336.1,NZ_CP113945.1,497858,498517,-,660,100.0,100.0,100.0,complete
OZX58_RS02525,NZ_CP113945.1,498563,499846,+,1284,100.0,100.0,100.0,complete
WP_277141337.1,NZ_CP113945.1,498563,499846,+,1284,100.0,100.0,100.0,complete
OZX58_RS02530,NZ_CP113945.1,499843,500532,+,690,100.0,100.0,100.0,complete
WP_277141338.1,NZ_CP113945.1,499843,500532,+,690,100.0,100.0,100.0,complete
raiA,NZ_CP113945.1,500617,501165,+,549,100.0,100.0,100.0,complete
WP_277141339.1,NZ_CP113945.1,500617,501165,+,549,100.0,100.0,100.0,complete
secA,NZ_CP113945.1,501297,503696,+,2400,100.0,100.0,100.0,complete
WP_277141340.1,NZ_CP113945.1,501297,503696,+,2400,100.0,100.0,100.0,complete
prfB,NZ_CP113945.1,503766,504882,+,1117,100.0,100.0,100.0,complete
WP_277141341.1,NZ_CP113945.1,503766,503837,+,72,100.0,100.0,100.0,complete
WP_277141341.1,NZ_CP113945.1,503839,504882,+,1044,100.0,100.0,100.0,complete
OZX58_RS02550,NZ_CP113945.1,504891,505160,+,270,100.0,100.0,100.0,complete
WP_277141342.1,NZ_CP113945.1,504891,505160,+,270,100.0,100.0,100.0,complete
hprK,NZ_CP113945.1,505179,506141,+,963,100.0,100.0,100.0,complete
WP_277141343.1,NZ_CP113945.1,505179,506141,+,963,100.0,100.0,100.0,complete
lgt,NZ_CP113945.1,506138,506974,+,837,100.0,100.0,100.0,complete
WP_277141344.1,NZ_CP113945.1,506138,506974,+,837,100.0,100.0,100.0,complete
OZX58_RS02565,NZ_CP113945.1,507006,508025,+,1020,100.0,100.0,100.0,complete
WP_277141345.1,NZ_CP113945.1,507006,508025,+,1020,100.0,100.0,100.0,complete
trxB,NZ_CP113945.1,508083,509009,+,927,100.0,100.0,100.0,complete
WP_277141346.1,NZ_CP113945.1,508083,509009,+,927,100.0,100.0,100.0,complete
OZX58_RS02575,NZ_CP113945.1,509122,510846,+,1725,100.0,100.0,100.0,complete
WP_277141725.1,NZ_CP113945.1,509122,510846,+,1725,100.0,100.0,100.0,complete
uvrB,NZ_CP113945.1,510943,512985,+,2043,100.0,100.0,100.0,complete
WP_277141347.1,NZ_CP113945.1,510943,512985,+,2043,100.0,100.0,100.0,complete
uvrA,NZ_CP113945.1,512975,515827,+,2853,100.0,100.0,100.0,complete
WP_277141348.1,NZ_CP113945.1,512975,515827,+,2853,100.0,100.0,100.0,complete
OZX58_RS02590,NZ_CP113945.1,515879,516421,+,543,100.0,100.0,100.0,complete
WP_277131238.1,NZ_CP113945.1,515879,516421,+,543,100.0,100.0,100.0,complete
rapZ,NZ_CP113945.1,516525,517403,+,879,100.0,100.0,100.0,complete
WP_277141349.1,NZ_CP113945.1,516525,517403,+,879,100.0,100.0,100.0,complete
yvcK,NZ_CP113945.1,517413,518450,+,1038,100.0,100.0,100.0,complete
WP_277141350.1,NZ_CP113945.1,517413,518450,+,1038,100.0,100.0,100.0,complete
whiA,NZ_CP113945.1,518450,519385,+,936,100.0,100.0,100.0,complete
WP_277141351.1,NZ_CP113945.1,518450,519385,+,936,100.0,100.0,100.0,complete
clpP,NZ_CP113945.1,519430,520014,-,585,100.0,100.0,100.0,complete
WP_277131243.1,NZ_CP113945.1,519430,520014,-,585,100.0,100.0,100.0,complete
OZX58_RS02615,NZ_CP113945.1,520186,521919,+,1734,100.0,100.0,100.0,complete
WP_277141352.1,NZ_CP113945.1,520186,521919,+,1734,100.0,100.0,100.0,complete
OZX58_RS02620,NZ_CP113945.1,522049,522249,-,201,100.0,100.0,100.0,complete
WP_277141353.1,NZ_CP113945.1,522049,522249,-,201,100.0,100.0,100.0,complete
OZX58_RS02625,NZ_CP113945.1,523145,524584,-,1440,100.0,100.0,100.0,complete
WP_277141354.1,NZ_CP113945.1,523145,524584,-,1440,100.0,100.0,100.0,complete
OZX58_RS02630,NZ_CP113945.1,524784,526337,+,1554,100.0,100.0,100.0,complete
WP_277141355.1,NZ_CP113945.1,524784,526337,+,1554,100.0,100.0,100.0,complete
OZX58_RS02635,NZ_CP113945.1,526701,527732,+,1032,100.0,100.0,100.0,complete
WP_277141356.1,NZ_CP113945.1,526701,527732,+,1032,100.0,100.0,100.0,complete
gap,NZ_CP113945.1,527796,528812,+,1017,100.0,100.0,100.0,complete
WP_277131251.1,NZ_CP113945.1,527796,528812,+,1017,100.0,100.0,100.0,complete
OZX58_RS02645,NZ_CP113945.1,528917,530128,+,1212,100.0,100.0,100.0,complete
WP_277141357.1,NZ_CP113945.1,528917,530128,+,1212,100.0,100.0,100.0,complete
tpiA,NZ_CP113945.1,530149,530904,+,756,100.0,100.0,100.0,complete
WP_277131253.1,NZ_CP113945.1,530149,530904,+,756,100.0,100.0,100.0,complete
OZX58_RS02655,NZ_CP113945.1,530962,531795,-,834,100.0,100.0,100.0,complete
WP_277141358.1,NZ_CP113945.1,530962,531795,-,834,100.0,100.0,100.0,complete
OZX58_RS02660,NZ_CP113945.1,532032,532784,+,753,100.0,100.0,100.0,complete
WP_277131257.1,NZ_CP113945.1,532032,532784,+,753,100.0,100.0,100.0,complete
OZX58_RS02665,NZ_CP113945.1,532787,533425,+,639,100.0,100.0,100.0,complete
WP_277141359.1,NZ_CP113945.1,532787,533425,+,639,100.0,100.0,100.0,complete
OZX58_RS02670,NZ_CP113945.1,533418,534128,+,711,100.0,100.0,100.0,complete
WP_277141360.1,NZ_CP113945.1,533418,534128,+,711,100.0,100.0,100.0,complete
OZX58_RS02675,NZ_CP113945.1,534121,534585,+,465,100.0,100.0,100.0,complete
WP_277141361.1,NZ_CP113945.1,534121,534585,+,465,100.0,100.0,100.0,complete
OZX58_RS02680,NZ_CP113945.1,534673,535011,+,339,100.0,100.0,100.0,complete
WP_277141362.1,NZ_CP113945.1,534673,535011,+,339,100.0,100.0,100.0,complete
OZX58_RS02685,NZ_CP113945.1,535052,535573,-,522,100.0,100.0,100.0,complete
WP_277131262.1,NZ_CP113945.1,535052,535573,-,522,100.0,100.0,100.0,complete
OZX58_RS02690,NZ_CP113945.1,535585,536460,-,876,100.0,100.0,100.0,complete
WP_277141363.1,NZ_CP113945.1,535585,536460,-,876,100.0,100.0,100.0,complete
OZX58_RS02695,NZ_CP113945.1,536649,537347,+,699,100.0,100.0,100.0,complete
WP_277141727.1,NZ_CP113945.1,536649,537347,+,699,100.0,100.0,100.0,complete
pta,NZ_CP113945.1,537357,538349,+,993,100.0,100.0,100.0,complete
WP_277141364.1,NZ_CP113945.1,537357,538349,+,993,100.0,100.0,100.0,complete
tsaE,NZ_CP113945.1,538346,538822,+,477,100.0,100.0,100.0,complete
WP_277131305.1,NZ_CP113945.1,538346,538822,+,477,100.0,100.0,100.0,complete
OZX58_RS02710,NZ_CP113945.1,539114,539839,+,726,100.0,100.0,100.0,complete
WP_277141365.1,NZ_CP113945.1,539114,539839,+,726,100.0,100.0,100.0,complete
OZX58_RS02715,NZ_CP113945.1,539851,540627,+,777,100.0,100.0,100.0,complete
WP_277141366.1,NZ_CP113945.1,539851,540627,+,777,100.0,100.0,100.0,complete
OZX58_RS02720,NZ_CP113945.1,540639,541364,+,726,100.0,100.0,100.0,complete
WP_277141367.1,NZ_CP113945.1,540639,541364,+,726,100.0,100.0,100.0,complete
OZX58_RS02725,NZ_CP113945.1,541381,542142,+,762,100.0,100.0,100.0,complete
WP_277141368.1,NZ_CP113945.1,541381,542142,+,762,100.0,100.0,100.0,complete
OZX58_RS02730,NZ_CP113945.1,542182,542715,-,534,100.0,100.0,100.0,complete
WP_277141369.1,NZ_CP113945.1,542182,542715,-,534,100.0,100.0,100.0,complete
murB,NZ_CP113945.1,542815,543714,+,900,100.0,100.0,100.0,complete
WP_277141370.1,NZ_CP113945.1,542815,543714,+,900,100.0,100.0,100.0,complete
cdaA,NZ_CP113945.1,543741,544586,+,846,100.0,100.0,100.0,complete
WP_277131271.1,NZ_CP113945.1,543741,544586,+,846,100.0,100.0,100.0,complete
OZX58_RS02745,NZ_CP113945.1,544583,545548,+,966,100.0,100.0,100.0,complete
WP_277141371.1,NZ_CP113945.1,544583,545548,+,966,100.0,100.0,100.0,complete
glmM,NZ_CP113945.1,545579,546931,+,1353,100.0,100.0,100.0,complete
WP_277141372.1,NZ_CP113945.1,545579,546931,+,1353,100.0,100.0,100.0,complete
glmS,NZ_CP113945.1,547133,548944,+,1812,100.0,100.0,100.0,complete
WP_277141373.1,NZ_CP113945.1,547133,548944,+,1812,100.0,100.0,100.0,complete
OZX58_RS02760,NZ_CP113945.1,549020,549835,+,816,100.0,100.0,100.0,complete
WP_277141374.1,NZ_CP113945.1,549020,549835,+,816,100.0,100.0,100.0,complete
OZX58_RS02765,NZ_CP113945.1,549853,550290,+,438,100.0,100.0,100.0,complete
WP_277141375.1,NZ_CP113945.1,549853,550290,+,438,100.0,100.0,100.0,complete
OZX58_RS02770,NZ_CP113945.1,550311,551021,+,711,100.0,100.0,100.0,complete
WP_277141376.1,NZ_CP113945.1,550311,551021,+,711,100.0,100.0,100.0,complete
OZX58_RS02775,NZ_CP113945.1,551276,551983,+,708,100.0,100.0,100.0,complete
WP_277141377.1,NZ_CP113945.1,551276,551983,+,708,100.0,100.0,100.0,complete
OZX58_RS02780,NZ_CP113945.1,551994,552758,+,765,100.0,100.0,100.0,complete
WP_277131279.1,NZ_CP113945.1,551994,552758,+,765,100.0,100.0,100.0,complete
OZX58_RS02785,NZ_CP113945.1,552755,553540,+,786,100.0,100.0,100.0,complete
WP_277141378.1,NZ_CP113945.1,552755,553540,+,786,100.0,100.0,100.0,complete
OZX58_RS02790,NZ_CP113945.1,553552,555006,+,1455,100.0,100.0,100.0,complete
WP_277131283.1,NZ_CP113945.1,553552,555006,+,1455,100.0,100.0,100.0,complete
OZX58_RS02795,NZ_CP113945.1,554987,555838,+,852,100.0,100.0,100.0,complete
WP_277131284.1,NZ_CP113945.1,554987,555838,+,852,100.0,100.0,100.0,complete
OZX58_RS02800,NZ_CP113945.1,555859,556035,+,177,100.0,100.0,100.0,complete
WP_277131285.1,NZ_CP113945.1,555859,556035,+,177,100.0,100.0,100.0,complete
secA,NZ_CP113945.1,556035,558404,+,2370,100.0,100.0,100.0,complete
WP_277141379.1,NZ_CP113945.1,556035,558404,+,2370,100.0,100.0,100.0,complete
OZX58_RS02810,NZ_CP113945.1,558425,559639,+,1215,100.0,100.0,100.0,complete
WP_277131287.1,NZ_CP113945.1,558425,559639,+,1215,100.0,100.0,100.0,complete
asp1,NZ_CP113945.1,559644,561152,+,1509,100.0,100.0,100.0,complete
WP_277141380.1,NZ_CP113945.1,559644,561152,+,1509,100.0,100.0,100.0,complete
asp2,NZ_CP113945.1,561149,562702,+,1554,100.0,100.0,100.0,complete
WP_277141381.1,NZ_CP113945.1,561149,562702,+,1554,100.0,100.0,100.0,complete
OZX58_RS02825,NZ_CP113945.1,562986,566681,+,3696,100.0,100.0,100.0,complete
WP_277141382.1,NZ_CP113945.1,562986,566681,+,3696,100.0,100.0,100.0,complete
OZX58_RS02830,NZ_CP113945.1,567352,577980,+,10629,90.39420453476338,99.71844445996936,96.92117248240757,incomplete
WP_277141383.1,NZ_CP113945.1,567352,577980,+,10629,90.39420453476338,99.71844445996936,96.92117248240757,incomplete
OZX58_RS02835,NZ_CP113945.1,578360,580123,+,1764,100.0,99.67289170149766,99.77102419104835,complete
WP_277141384.1,NZ_CP113945.1,578360,580123,+,1764,100.0,99.67289170149766,99.77102419104835,complete
OZX58_RS02840,NZ_CP113945.1,580174,581358,+,1185,100.0,99.67289170149765,99.77102419104835,complete
WP_277141385.1,NZ_CP113945.1,580174,581358,+,1185,100.0,99.67289170149765,99.77102419104835,complete
OZX58_RS02845,NZ_CP113945.1,581546,582955,+,1410,100.0,99.67289170149765,99.77102419104835,complete
WP_277141386.1,NZ_CP113945.1,581546,582955,+,1410,100.0,99.67289170149765,99.77102419104835,complete
OZX58_RS02850,NZ_CP113945.1,582959,583378,+,420,100.0,99.67289170149765,99.77102419104835,complete
WP_277131530.1,NZ_CP113945.1,582959,583378,+,420,100.0,99.67289170149765,99.77102419104835,complete
OZX58_RS02855,NZ_CP113945.1,583569,584795,+,1227,100.0,99.67289170149763,99.77102419104834,complete
WP_277141387.1,NZ_CP113945.1,583569,584795,+,1227,100.0,99.67289170149763,99.77102419104834,complete
OZX58_RS02860,NZ_CP113945.1,584928,585671,+,744,100.0,99.67289170149765,99.77102419104835,complete
WP_277131526.1,NZ_CP113945.1,584928,585671,+,744,100.0,99.67289170149765,99.77102419104835,complete
OZX58_RS02865,NZ_CP113945.1,585690,586127,+,438,100.0,99.67289170149765,99.77102419104835,complete
WP_277131524.1,NZ_CP113945.1,585690,586127,+,438,100.0,99.67289170149765,99.77102419104835,complete
OZX58_RS02870,NZ_CP113945.1,586459,594093,+,7635,100.0,99.67289170149766,99.77102419104835,complete
WP_277141388.1,NZ_CP113945.1,586459,594093,+,7635,100.0,99.67289170149766,99.77102419104835,complete
OZX58_RS02875,NZ_CP113945.1,594197,594775,+,579,100.0,99.67289170149765,99.77102419104835,complete
WP_277129944.1,NZ_CP113945.1,594197,594775,+,579,100.0,99.67289170149765,99.77102419104835,complete
OZX58_RS02880,NZ_CP113945.1,594913,595566,-,654,100.0,99.67289170149763,99.77102419104834,complete
WP_277141389.1,NZ_CP113945.1,594913,595566,-,654,100.0,99.67289170149763,99.77102419104834,complete
OZX58_RS02885,NZ_CP113945.1,595873,596109,+,237,100.0,99.67289170149766,99.77102419104835,complete
WP_277129941.1,NZ_CP113945.1,595873,596109,+,237,100.0,99.67289170149766,99.77102419104835,complete
OZX58_RS02890,NZ_CP113945.1,596241,596612,+,372,100.0,99.67289170149765,99.77102419104835,complete
WP_277141390.1,NZ_CP113945.1,596241,596612,+,372,100.0,99.67289170149765,99.77102419104835,complete
OZX58_RS02895,NZ_CP113945.1,596623,598524,+,1902,100.0,99.67289170149768,99.77102419104837,complete
WP_277141391.1,NZ_CP113945.1,596623,598524,+,1902,100.0,99.67289170149768,99.77102419104837,complete
OZX58_RS02900,NZ_CP113945.1,598569,599000,-,432,100.0,99.67289170149768,99.77102419104837,complete
WP_277141392.1,NZ_CP113945.1,598569,599000,-,432,100.0,99.67289170149768,99.77102419104837,complete
OZX58_RS02905,NZ_CP113945.1,599003,599722,-,720,100.0,99.67289170149765,99.77102419104835,complete
WP_277141393.1,NZ_CP113945.1,599003,599722,-,720,100.0,99.67289170149765,99.77102419104835,complete
OZX58_RS02910,NZ_CP113945.1,599722,600453,-,732,100.0,99.67289170149765,99.77102419104835,complete
WP_277141394.1,NZ_CP113945.1,599722,600453,-,732,100.0,99.67289170149765,99.77102419104835,complete
OZX58_RS02915,NZ_CP113945.1,600455,601219,-,765,100.0,99.67289170149765,99.77102419104835,complete
WP_277141395.1,NZ_CP113945.1,600455,601219,-,765,100.0,99.67289170149765,99.77102419104835,complete
OZX58_RS02920,NZ_CP113945.1,601654,602466,-,813,100.0,99.67289170149765,99.77102419104835,complete
WP_277141396.1,NZ_CP113945.1,601654,602466,-,813,100.0,99.67289170149765,99.77102419104835,complete
OZX58_RS02925,NZ_CP113945.1,602596,604245,-,1650,100.0,99.67289170149765,99.77102419104835,complete
WP_277141397.1,NZ_CP113945.1,602596,604245,-,1650,100.0,99.67289170149765,99.77102419104835,complete
OZX58_RS02930,NZ_CP113945.1,604473,605201,+,729,100.0,99.67289170149766,99.77102419104835,complete
WP_277129920.1,NZ_CP113945.1,604473,605201,+,729,100.0,99.67289170149766,99.77102419104835,complete
comGA,NZ_CP113945.1,605317,606291,+,975,100.0,99.67289170149768,99.77102419104837,complete
WP_277141398.1,NZ_CP113945.1,605317,606291,+,975,100.0,99.67289170149768,99.77102419104837,complete
OZX58_RS02940,NZ_CP113945.1,606269,607261,+,993,100.0,99.67289170149766,99.77102419104835,complete
WP_277141399.1,NZ_CP113945.1,606269,607261,+,993,100.0,99.67289170149766,99.77102419104835,complete
comGC,NZ_CP113945.1,607276,607623,+,348,100.0,99.67289170149763,99.77102419104834,complete
WP_277141400.1,NZ_CP113945.1,607276,607623,+,348,100.0,99.67289170149763,99.77102419104834,complete
OZX58_RS02950,NZ_CP113945.1,607607,608035,+,429,100.0,99.67289170149766,99.77102419104835,complete
WP_277141401.1,NZ_CP113945.1,607607,608035,+,429,100.0,99.67289170149766,99.77102419104835,complete
OZX58_RS02955,NZ_CP113945.1,608028,608303,+,276,100.0,99.67289170149766,99.77102419104835,complete
WP_277141402.1,NZ_CP113945.1,608028,608303,+,276,100.0,99.67289170149766,99.77102419104835,complete
OZX58_RS02960,NZ_CP113945.1,608287,608784,+,498,100.0,99.67289170149768,99.77102419104837,complete
WP_277141403.1,NZ_CP113945.1,608287,608784,+,498,100.0,99.67289170149768,99.77102419104837,complete
OZX58_RS02965,NZ_CP113945.1,608756,608914,+,159,100.0,99.67289170149763,99.77102419104834,complete
WP_277141404.1,NZ_CP113945.1,608756,608914,+,159,100.0,99.67289170149763,99.77102419104834,complete
OZX58_RS02970,NZ_CP113945.1,608974,609978,+,1005,100.0,99.67289170149768,99.77102419104837,complete
WP_277141405.1,NZ_CP113945.1,608974,609978,+,1005,100.0,99.67289170149768,99.77102419104837,complete
OZX58_RS02975,NZ_CP113945.1,610023,611207,+,1185,100.0,99.67289170149765,99.77102419104835,complete
WP_277141406.1,NZ_CP113945.1,610023,611207,+,1185,100.0,99.67289170149765,99.77102419104835,complete
ssrA,NZ_CP113945.1,611268,611635,+,368,100.0,99.67289170149766,99.77102419104835,complete
cds-OZX58_RS02985,NZ_CP113945.1,611725,611969,+,245,100.0,99.67289170149766,99.77102419104835,complete
OZX58_RS02990,NZ_CP113945.1,611971,612255,+,285,100.0,99.67289170149766,99.77102419104835,complete
WP_277141407.1,NZ_CP113945.1,611971,612255,+,285,100.0,99.67289170149766,99.77102419104835,complete
OZX58_RS02995,NZ_CP113945.1,612314,612910,-,597,100.0,99.67289170149765,99.77102419104835,complete
WP_277141408.1,NZ_CP113945.1,612314,612910,-,597,100.0,99.67289170149765,99.77102419104835,complete
OZX58_RS03000,NZ_CP113945.1,612969,613754,-,786,100.0,99.67289170149766,99.77102419104835,complete
WP_277141409.1,NZ_CP113945.1,612969,613754,-,786,100.0,99.67289170149766,99.77102419104835,complete
OZX58_RS03005,NZ_CP113945.1,613780,614139,-,360,100.0,99.67289170149765,99.77102419104835,complete
WP_277141410.1,NZ_CP113945.1,613780,614139,-,360,100.0,99.67289170149765,99.77102419104835,complete
manA,NZ_CP113945.1,614412,615380,+,969,100.0,99.67289170149766,99.77102419104835,complete
WP_277141411.1,NZ_CP113945.1,614412,615380,+,969,100.0,99.67289170149766,99.77102419104835,complete
OZX58_RS03015,NZ_CP113945.1,615408,615803,+,396,100.0,99.67289170149763,99.77102419104834,complete
WP_277141412.1,NZ_CP113945.1,615408,615803,+,396,100.0,99.67289170149763,99.77102419104834,complete
OZX58_RS03020,NZ_CP113945.1,615800,616531,+,732,100.0,99.67289170149765,99.77102419104835,complete
WP_277141413.1,NZ_CP113945.1,615800,616531,+,732,100.0,99.67289170149765,99.77102419104835,complete
OZX58_RS03025,NZ_CP113945.1,616528,617979,+,1452,100.0,99.67289170149765,99.77102419104835,complete
WP_277141414.1,NZ_CP113945.1,616528,617979,+,1452,100.0,99.67289170149765,99.77102419104835,complete
OZX58_RS03030,NZ_CP113945.1,618031,618891,-,861,100.0,99.67289170149765,99.77102419104835,complete
WP_277129804.1,NZ_CP113945.1,618031,618891,-,861,100.0,99.67289170149765,99.77102419104835,complete
OZX58_RS03035,NZ_CP113945.1,618926,621121,-,2196,100.0,99.67289170149765,99.77102419104835,complete
WP_277141415.1,NZ_CP113945.1,618926,621121,-,2196,100.0,99.67289170149765,99.77102419104835,complete
OZX58_RS03040,NZ_CP113945.1,621264,621887,+,624,100.0,99.67289170149765,99.77102419104835,complete
WP_277141416.1,NZ_CP113945.1,621264,621887,+,624,100.0,99.67289170149765,99.77102419104835,complete
OZX58_RS03045,NZ_CP113945.1,621970,623313,+,1344,100.0,99.67289170149765,99.77102419104835,complete
WP_277129800.1,NZ_CP113945.1,621970,623313,+,1344,100.0,99.67289170149765,99.77102419104835,complete
OZX58_RS03050,NZ_CP113945.1,623426,623956,+,531,100.0,99.67289170149766,99.77102419104835,complete
WP_277141417.1,NZ_CP113945.1,623426,623956,+,531,100.0,99.67289170149766,99.77102419104835,complete
OZX58_RS03055,NZ_CP113945.1,624023,625414,+,1392,100.0,99.67289170149765,99.77102419104835,complete
WP_277141418.1,NZ_CP113945.1,624023,625414,+,1392,100.0,99.67289170149765,99.77102419104835,complete
OZX58_RS03060,NZ_CP113945.1,625639,625824,+,186,100.0,99.67289170149763,99.77102419104834,complete
WP_277129796.1,NZ_CP113945.1,625639,625824,+,186,100.0,99.67289170149763,99.77102419104834,complete
OZX58_RS03065,NZ_CP113945.1,625881,626891,-,1011,100.0,99.67289170149768,99.77102419104837,complete
WP_277141419.1,NZ_CP113945.1,625881,626891,-,1011,100.0,99.67289170149768,99.77102419104837,complete
OZX58_RS03070,NZ_CP113945.1,626991,627062,+,72,100.0,99.67289170149765,99.77102419104835,complete
OZX58_RS03075,NZ_CP113945.1,627072,627143,+,72,100.0,99.67289170149765,99.77102419104835,complete
OZX58_RS03080,NZ_CP113945.1,627232,628326,-,1095,100.0,99.67289170149765,99.77102419104835,complete
WP_277141420.1,NZ_CP113945.1,627232,628326,-,1095,100.0,99.67289170149765,99.77102419104835,complete
OZX58_RS03085,NZ_CP113945.1,628615,629949,-,1335,100.0,99.67289170149765,99.77102419104835,complete
WP_277141421.1,NZ_CP113945.1,628615,629949,-,1335,100.0,99.67289170149765,99.77102419104835,complete
OZX58_RS03090,NZ_CP113945.1,630355,630552,-,198,100.0,99.67289170149763,99.77102419104834,complete
WP_277141729.1,NZ_CP113945.1,630355,630552,-,198,100.0,99.67289170149763,99.77102419104834,complete
OZX58_RS03095,NZ_CP113945.1,630792,631562,+,771,100.0,99.67289170149766,99.77102419104835,complete
WP_277141422.1,NZ_CP113945.1,630792,631562,+,771,100.0,99.67289170149766,99.77102419104835,complete
OZX58_RS03100,NZ_CP113945.1,631640,632047,-,408,100.0,99.67289170149765,99.77102419104835,complete
WP_277141423.1,NZ_CP113945.1,631640,632047,-,408,100.0,99.67289170149765,99.77102419104835,complete
OZX58_RS03105,NZ_CP113945.1,632186,633049,-,864,100.0,99.67289170149768,99.77102419104837,complete
WP_277141424.1,NZ_CP113945.1,632186,633049,-,864,100.0,99.67289170149768,99.77102419104837,complete
OZX58_RS03110,NZ_CP113945.1,633055,633396,-,342,100.0,99.67289170149765,99.77102419104835,complete
WP_277141425.1,NZ_CP113945.1,633055,633396,-,342,100.0,99.67289170149765,99.77102419104835,complete
OZX58_RS03115,NZ_CP113945.1,633775,634062,-,288,100.0,99.67289170149765,99.77102419104835,complete
WP_277141426.1,NZ_CP113945.1,633775,634062,-,288,100.0,99.67289170149765,99.77102419104835,complete
OZX58_RS03120,NZ_CP113945.1,634142,634354,+,213,100.0,99.67289170149765,99.77102419104835,complete
WP_277141427.1,NZ_CP113945.1,634142,634354,+,213,100.0,99.67289170149765,99.77102419104835,complete
cds-OZX58_RS03125,NZ_CP113945.1,634356,635116,+,761,100.0,99.67289170149765,99.77102419104835,complete
OZX58_RS03130,NZ_CP113945.1,635134,635427,+,294,100.0,99.67289170149765,99.77102419104835,complete
WP_277141428.1,NZ_CP113945.1,635134,635427,+,294,100.0,99.67289170149765,99.77102419104835,complete
OZX58_RS03135,NZ_CP113945.1,635363,635623,+,261,100.0,99.67289170149766,99.77102419104835,complete
WP_277141429.1,NZ_CP113945.1,635363,635623,+,261,100.0,99.67289170149766,99.77102419104835,complete
OZX58_RS03140,NZ_CP113945.1,635630,635929,+,300,100.0,99.67289170149765,99.77102419104835,complete
WP_277141430.1,NZ_CP113945.1,635630,635929,+,300,100.0,99.67289170149765,99.77102419104835,complete
OZX58_RS03145,NZ_CP113945.1,635946,636173,+,228,100.0,99.67289170149766,99.77102419104835,complete
WP_277141431.1,NZ_CP113945.1,635946,636173,+,228,100.0,99.67289170149766,99.77102419104835,complete
OZX58_RS03150,NZ_CP113945.1,636308,636661,+,354,100.0,99.67289170149765,99.77102419104835,complete
WP_277141432.1,NZ_CP113945.1,636308,636661,+,354,100.0,99.67289170149765,99.77102419104835,complete
OZX58_RS03155,NZ_CP113945.1,636663,636893,+,231,100.0,99.67289170149766,99.77102419104835,complete
WP_277141433.1,NZ_CP113945.1,636663,636893,+,231,100.0,99.67289170149766,99.77102419104835,complete
OZX58_RS03160,NZ_CP113945.1,636886,637158,+,273,100.0,99.67289170149766,99.77102419104835,complete
WP_277141434.1,NZ_CP113945.1,636886,637158,+,273,100.0,99.67289170149766,99.77102419104835,complete
OZX58_RS03165,NZ_CP113945.1,637145,637807,+,663,100.0,99.67289170149763,99.77102419104834,complete
WP_277141435.1,NZ_CP113945.1,637145,637807,+,663,100.0,99.67289170149763,99.77102419104834,complete
OZX58_RS03170,NZ_CP113945.1,637800,639146,+,1347,100.0,99.67289170149766,99.77102419104835,complete
WP_277141436.1,NZ_CP113945.1,637800,639146,+,1347,100.0,99.67289170149766,99.77102419104835,complete
OZX58_RS03175,NZ_CP113945.1,639143,639328,+,186,100.0,99.67289170149763,99.77102419104834,complete
WP_277141437.1,NZ_CP113945.1,639143,639328,+,186,100.0,99.67289170149763,99.77102419104834,complete
OZX58_RS03180,NZ_CP113945.1,639328,639864,+,537,100.0,99.67289170149766,99.77102419104835,complete
WP_277141438.1,NZ_CP113945.1,639328,639864,+,537,100.0,99.67289170149766,99.77102419104835,complete
OZX58_RS03185,NZ_CP113945.1,639883,640074,+,192,100.0,99.67289170149765,99.77102419104835,complete
WP_277141439.1,NZ_CP113945.1,639883,640074,+,192,100.0,99.67289170149765,99.77102419104835,complete
OZX58_RS03190,NZ_CP113945.1,640088,642451,+,2364,100.0,99.67289170149765,99.77102419104835,complete
WP_277141440.1,NZ_CP113945.1,640088,642451,+,2364,100.0,99.67289170149765,99.77102419104835,complete
OZX58_RS03195,NZ_CP113945.1,642733,642924,+,192,100.0,99.67289170149765,99.77102419104835,complete
WP_277141441.1,NZ_CP113945.1,642733,642924,+,192,100.0,99.67289170149765,99.77102419104835,complete
OZX58_RS03200,NZ_CP113945.1,642927,643172,+,246,100.0,99.67289170149766,99.77102419104835,complete
WP_277141442.1,NZ_CP113945.1,642927,643172,+,246,100.0,99.67289170149766,99.77102419104835,complete
OZX58_RS03205,NZ_CP113945.1,643189,643410,+,222,100.0,99.67289170149763,99.77102419104834,complete
WP_277141443.1,NZ_CP113945.1,643189,643410,+,222,100.0,99.67289170149763,99.77102419104834,complete
OZX58_RS03210,NZ_CP113945.1,643403,643579,+,177,100.0,99.67289170149765,99.77102419104835,complete
WP_277141444.1,NZ_CP113945.1,643403,643579,+,177,100.0,99.67289170149765,99.77102419104835,complete
OZX58_RS03215,NZ_CP113945.1,643582,643749,+,168,100.0,99.67289170149765,99.77102419104835,complete
WP_277141445.1,NZ_CP113945.1,643582,643749,+,168,100.0,99.67289170149765,99.77102419104835,complete
OZX58_RS03220,NZ_CP113945.1,643766,644200,+,435,100.0,99.67289170149766,99.77102419104835,complete
WP_277141446.1,NZ_CP113945.1,643766,644200,+,435,100.0,99.67289170149766,99.77102419104835,complete
OZX58_RS03225,NZ_CP113945.1,644193,644573,+,381,100.0,99.67289170149765,99.77102419104835,complete
WP_277141447.1,NZ_CP113945.1,644193,644573,+,381,100.0,99.67289170149765,99.77102419104835,complete
OZX58_RS03230,NZ_CP113945.1,644744,645238,+,495,100.0,99.67289170149768,99.77102419104837,complete
WP_277141448.1,NZ_CP113945.1,644744,645238,+,495,100.0,99.67289170149768,99.77102419104837,complete
OZX58_RS03235,NZ_CP113945.1,645255,645752,+,498,100.0,99.67289170149768,99.77102419104837,complete
WP_277141449.1,NZ_CP113945.1,645255,645752,+,498,100.0,99.67289170149768,99.77102419104837,complete
OZX58_RS03240,NZ_CP113945.1,645989,646549,+,561,100.0,99.67289170149765,99.77102419104835,complete
WP_277141450.1,NZ_CP113945.1,645989,646549,+,561,100.0,99.67289170149765,99.77102419104835,complete
OZX58_RS03245,NZ_CP113945.1,646608,646916,+,309,100.0,99.67289170149763,99.77102419104834,complete
WP_277141451.1,NZ_CP113945.1,646608,646916,+,309,100.0,99.67289170149763,99.77102419104834,complete
OZX58_RS03250,NZ_CP113945.1,646973,647416,+,444,100.0,99.67289170149768,99.77102419104837,complete
WP_277141452.1,NZ_CP113945.1,646973,647416,+,444,100.0,99.67289170149768,99.77102419104837,complete
OZX58_RS03255,NZ_CP113945.1,647406,648656,+,1251,100.0,99.67289170149765,99.77102419104835,complete
WP_277141453.1,NZ_CP113945.1,647406,648656,+,1251,100.0,99.67289170149765,99.77102419104835,complete
OZX58_RS03260,NZ_CP113945.1,648647,650080,+,1434,100.0,99.67289170149765,99.77102419104835,complete
WP_277141454.1,NZ_CP113945.1,648647,650080,+,1434,100.0,99.67289170149765,99.77102419104835,complete
OZX58_RS03265,NZ_CP113945.1,650061,651110,+,1050,100.0,99.67289170149766,99.77102419104835,complete
WP_277141455.1,NZ_CP113945.1,650061,651110,+,1050,100.0,99.67289170149766,99.77102419104835,complete
OZX58_RS03270,NZ_CP113945.1,651126,651470,+,345,100.0,99.67289170149766,99.77102419104835,complete
WP_277141456.1,NZ_CP113945.1,651126,651470,+,345,100.0,99.67289170149766,99.77102419104835,complete
OZX58_RS03275,NZ_CP113945.1,651483,651695,+,213,100.0,99.67289170149765,99.77102419104835,complete
WP_277141457.1,NZ_CP113945.1,651483,651695,+,213,100.0,99.67289170149765,99.77102419104835,complete
OZX58_RS03280,NZ_CP113945.1,651704,652033,+,330,100.0,99.67289170149765,99.77102419104835,complete
WP_277141458.1,NZ_CP113945.1,651704,652033,+,330,100.0,99.67289170149765,99.77102419104835,complete
OZX58_RS03285,NZ_CP113945.1,652146,652712,+,567,100.0,99.67289170149765,99.77102419104835,complete
WP_277141459.1,NZ_CP113945.1,652146,652712,+,567,100.0,99.67289170149765,99.77102419104835,complete
OZX58_RS03290,NZ_CP113945.1,652699,653703,+,1005,100.0,99.67289170149768,99.77102419104837,complete
WP_277141460.1,NZ_CP113945.1,652699,653703,+,1005,100.0,99.67289170149768,99.77102419104837,complete
OZX58_RS03295,NZ_CP113945.1,653707,654102,+,396,100.0,99.67289170149763,99.77102419104834,complete
WP_277141461.1,NZ_CP113945.1,653707,654102,+,396,100.0,99.67289170149763,99.77102419104834,complete
OZX58_RS03300,NZ_CP113945.1,654099,654461,+,363,100.0,99.67289170149765,99.77102419104835,complete
WP_277141463.1,NZ_CP113945.1,654099,654461,+,363,100.0,99.67289170149765,99.77102419104835,complete
OZX58_RS03305,NZ_CP113945.1,654458,654859,+,402,100.0,99.67289170149765,99.77102419104835,complete
WP_277141465.1,NZ_CP113945.1,654458,654859,+,402,100.0,99.67289170149765,99.77102419104835,complete
OZX58_RS03310,NZ_CP113945.1,654856,655266,+,411,100.0,99.67289170149765,99.77102419104835,complete
WP_277141468.1,NZ_CP113945.1,654856,655266,+,411,100.0,99.67289170149765,99.77102419104835,complete
OZX58_RS03315,NZ_CP113945.1,655247,655456,+,210,100.0,99.67289170149765,99.77102419104835,complete
WP_277141470.1,NZ_CP113945.1,655247,655456,+,210,100.0,99.67289170149765,99.77102419104835,complete
OZX58_RS03320,NZ_CP113945.1,655457,656821,+,1365,100.0,99.67289170149763,99.77102419104834,complete
WP_277141472.1,NZ_CP113945.1,655457,656821,+,1365,100.0,99.67289170149763,99.77102419104834,complete
OZX58_RS03325,NZ_CP113945.1,656832,657308,+,477,100.0,99.67289170149766,99.77102419104835,complete
WP_277141474.1,NZ_CP113945.1,656832,657308,+,477,100.0,99.67289170149766,99.77102419104835,complete
OZX58_RS03330,NZ_CP113945.1,657321,657734,+,414,100.0,99.67289170149765,99.77102419104835,complete
WP_277129857.1,NZ_CP113945.1,657321,657734,+,414,100.0,99.67289170149765,99.77102419104835,complete
OZX58_RS03335,NZ_CP113945.1,657959,661096,+,3138,100.0,99.67289170149768,99.77102419104837,complete
WP_277141476.1,NZ_CP113945.1,657959,661096,+,3138,100.0,99.67289170149768,99.77102419104837,complete
OZX58_RS03340,NZ_CP113945.1,661096,661788,+,693,100.0,99.67289170149765,99.77102419104835,complete
WP_277129854.1,NZ_CP113945.1,661096,661788,+,693,100.0,99.67289170149765,99.77102419104835,complete
OZX58_RS03345,NZ_CP113945.1,661785,662813,+,1029,100.0,99.69387240869023,99.78571068608315,complete
WP_277141478.1,NZ_CP113945.1,661785,662813,+,1029,100.0,99.69387240869023,99.78571068608315,complete
OZX58_RS03350,NZ_CP113945.1,662786,663166,+,381,100.0,100.0,100.0,complete
WP_277141480.1,NZ_CP113945.1,662786,663166,+,381,100.0,100.0,100.0,complete
cds-OZX58_RS03355,NZ_CP113945.1,663661,664010,+,350,100.0,100.0,100.0,complete
OZX58_RS03360,NZ_CP113945.1,663997,665145,+,1149,100.0,100.0,100.0,complete
WP_277141482.1,NZ_CP113945.1,663997,665145,+,1149,100.0,100.0,100.0,complete
OZX58_RS03365,NZ_CP113945.1,665138,665692,+,555,100.0,100.0,100.0,complete
WP_277141484.1,NZ_CP113945.1,665138,665692,+,555,100.0,100.0,100.0,complete
OZX58_RS03370,NZ_CP113945.1,665707,668106,+,2400,100.0,100.0,100.0,complete
WP_277141486.1,NZ_CP113945.1,665707,668106,+,2400,100.0,100.0,100.0,complete
OZX58_RS03375,NZ_CP113945.1,668121,668495,+,375,100.0,100.0,100.0,complete
WP_277141488.1,NZ_CP113945.1,668121,668495,+,375,100.0,100.0,100.0,complete
OZX58_RS03380,NZ_CP113945.1,668489,668824,+,336,100.0,100.0,100.0,complete
WP_277141490.1,NZ_CP113945.1,668489,668824,+,336,100.0,100.0,100.0,complete
OZX58_RS03385,NZ_CP113945.1,668869,669432,+,564,100.0,100.0,100.0,complete
WP_277141492.1,NZ_CP113945.1,668869,669432,+,564,100.0,100.0,100.0,complete
OZX58_RS03390,NZ_CP113945.1,669444,669821,+,378,100.0,100.0,100.0,complete
WP_277134357.1,NZ_CP113945.1,669444,669821,+,378,100.0,100.0,100.0,complete
OZX58_RS03395,NZ_CP113945.1,669818,670225,+,408,100.0,100.0,100.0,complete
WP_277141494.1,NZ_CP113945.1,669818,670225,+,408,100.0,100.0,100.0,complete
OZX58_RS03400,NZ_CP113945.1,670218,671270,+,1053,100.0,100.0,100.0,complete
WP_277141496.1,NZ_CP113945.1,670218,671270,+,1053,100.0,100.0,100.0,complete
OZX58_RS03405,NZ_CP113945.1,671390,672058,-,669,100.0,100.0,100.0,complete
WP_277141498.1,NZ_CP113945.1,671390,672058,-,669,100.0,100.0,100.0,complete
OZX58_RS03410,NZ_CP113945.1,673248,673682,-,435,100.0,100.0,100.0,complete
WP_277141501.1,NZ_CP113945.1,673248,673682,-,435,100.0,100.0,100.0,complete
OZX58_RS03415,NZ_CP113945.1,673785,674519,+,735,100.0,100.0,100.0,complete
WP_277141503.1,NZ_CP113945.1,673785,674519,+,735,100.0,100.0,100.0,complete
OZX58_RS03420,NZ_CP113945.1,674605,675468,+,864,100.0,100.0,100.0,complete
WP_277141505.1,NZ_CP113945.1,674605,675468,+,864,100.0,100.0,100.0,complete
OZX58_RS03425,NZ_CP113945.1,675524,676876,-,1353,100.0,100.0,100.0,complete
WP_277141507.1,NZ_CP113945.1,675524,676876,-,1353,100.0,100.0,100.0,complete
OZX58_RS03430,NZ_CP113945.1,677022,677633,+,612,100.0,100.0,100.0,complete
WP_277141509.1,NZ_CP113945.1,677022,677633,+,612,100.0,100.0,100.0,complete
prfA,NZ_CP113945.1,677640,678728,+,1089,100.0,100.0,100.0,complete
WP_277129788.1,NZ_CP113945.1,677640,678728,+,1089,100.0,100.0,100.0,complete
prmC,NZ_CP113945.1,678721,679569,+,849,100.0,100.0,100.0,complete
WP_277141511.1,NZ_CP113945.1,678721,679569,+,849,100.0,100.0,100.0,complete
OZX58_RS03445,NZ_CP113945.1,679570,680574,+,1005,100.0,100.0,100.0,complete
WP_277141514.1,NZ_CP113945.1,679570,680574,+,1005,100.0,100.0,100.0,complete
upp,NZ_CP113945.1,680659,681288,+,630,100.0,100.0,100.0,complete
WP_277129785.1,NZ_CP113945.1,680659,681288,+,630,100.0,100.0,100.0,complete
atpB,NZ_CP113945.1,681407,682120,+,714,100.0,100.0,100.0,complete
WP_277129784.1,NZ_CP113945.1,681407,682120,+,714,100.0,100.0,100.0,complete
atpE,NZ_CP113945.1,682139,682363,+,225,100.0,100.0,100.0,complete
WP_277129782.1,NZ_CP113945.1,682139,682363,+,225,100.0,100.0,100.0,complete
atpF,NZ_CP113945.1,682409,682918,+,510,100.0,100.0,100.0,complete
WP_277129781.1,NZ_CP113945.1,682409,682918,+,510,100.0,100.0,100.0,complete
OZX58_RS03470,NZ_CP113945.1,682918,683466,+,549,100.0,100.0,100.0,complete
WP_277129780.1,NZ_CP113945.1,682918,683466,+,549,100.0,100.0,100.0,complete
atpA,NZ_CP113945.1,683481,684992,+,1512,100.0,100.0,100.0,complete
WP_277129779.1,NZ_CP113945.1,683481,684992,+,1512,100.0,100.0,100.0,complete
OZX58_RS03480,NZ_CP113945.1,685003,685965,+,963,100.0,100.0,100.0,complete
WP_277141516.1,NZ_CP113945.1,685003,685965,+,963,100.0,100.0,100.0,complete
atpD,NZ_CP113945.1,685989,687428,+,1440,100.0,100.0,100.0,complete
WP_277129777.1,NZ_CP113945.1,685989,687428,+,1440,100.0,100.0,100.0,complete
OZX58_RS03490,NZ_CP113945.1,687440,687877,+,438,100.0,100.0,100.0,complete
WP_277129776.1,NZ_CP113945.1,687440,687877,+,438,100.0,100.0,100.0,complete
OZX58_RS03495,NZ_CP113945.1,687948,688178,+,231,100.0,100.0,100.0,complete
WP_277141518.1,NZ_CP113945.1,687948,688178,+,231,100.0,100.0,100.0,complete
OZX58_RS03500,NZ_CP113945.1,688261,689250,+,990,100.0,100.0,100.0,complete
WP_277129774.1,NZ_CP113945.1,688261,689250,+,990,100.0,100.0,100.0,complete
yidD,NZ_CP113945.1,689269,689562,+,294,100.0,100.0,100.0,complete
WP_277141520.1,NZ_CP113945.1,689269,689562,+,294,100.0,100.0,100.0,complete
OZX58_RS03510,NZ_CP113945.1,689571,689798,+,228,100.0,100.0,100.0,complete
WP_277129772.1,NZ_CP113945.1,689571,689798,+,228,100.0,100.0,100.0,complete
OZX58_RS03515,NZ_CP113945.1,689811,691004,+,1194,100.0,100.0,100.0,complete
WP_277141522.1,NZ_CP113945.1,689811,691004,+,1194,100.0,100.0,100.0,complete
OZX58_RS03520,NZ_CP113945.1,691058,691519,-,462,100.0,100.0,100.0,complete
WP_277141524.1,NZ_CP113945.1,691058,691519,-,462,100.0,100.0,100.0,complete
OZX58_RS03525,NZ_CP113945.1,692659,713358,+,20700,30.753623188405797,99.99348406918081,79.2215258049483,missing
WP_277141526.1,NZ_CP113945.1,692659,713358,+,20700,30.753623188405797,99.99348406918081,79.2215258049483,missing
OZX58_RS03530,NZ_CP113945.1,713427,714734,-,1308,100.0,99.97756602726065,99.98429621908245,complete
WP_277141528.1,NZ_CP113945.1,713427,714734,-,1308,100.0,99.97756602726065,99.98429621908245,complete
OZX58_RS03535,NZ_CP113945.1,714734,715201,-,468,100.0,99.97756602726069,99.98429621908248,complete
WP_277141731.1,NZ_CP113945.1,714734,715201,-,468,100.0,99.97756602726069,99.98429621908248,complete
rpsD,NZ_CP113945.1,715274,715885,-,612,100.0,99.97756602726066,99.98429621908247,complete
WP_277129766.1,NZ_CP113945.1,715274,715885,-,612,100.0,99.97756602726066,99.98429621908247,complete
ezrA,NZ_CP113945.1,716229,717944,+,1716,100.0,99.97756602726069,99.98429621908248,complete
WP_277141530.1,NZ_CP113945.1,716229,717944,+,1716,100.0,99.97756602726069,99.98429621908248,complete
OZX58_RS03550,NZ_CP113945.1,718084,719241,+,1158,100.0,99.97756602726066,99.98429621908247,complete
WP_277141532.1,NZ_CP113945.1,718084,719241,+,1158,100.0,99.97756602726066,99.98429621908247,complete
thiI,NZ_CP113945.1,719245,720462,+,1218,100.0,99.97756602726066,99.98429621908247,complete
WP_277141535.1,NZ_CP113945.1,719245,720462,+,1218,100.0,99.97756602726066,99.98429621908247,complete
OZX58_RS03560,NZ_CP113945.1,720732,723371,+,2640,100.0,99.97756602726065,99.98429621908245,complete
WP_277141536.1,NZ_CP113945.1,720732,723371,+,2640,100.0,99.97756602726065,99.98429621908245,complete
OZX58_RS03565,NZ_CP113945.1,723373,724653,+,1281,100.0,99.97756602726066,99.98429621908247,complete
WP_277141538.1,NZ_CP113945.1,723373,724653,+,1281,100.0,99.97756602726066,99.98429621908247,complete
OZX58_RS03570,NZ_CP113945.1,724631,725311,+,681,100.0,99.97756602726068,99.98429621908247,complete
WP_277141540.1,NZ_CP113945.1,724631,725311,+,681,100.0,99.97756602726068,99.98429621908247,complete
OZX58_RS03575,NZ_CP113945.1,725348,725971,+,624,100.0,99.97756602726066,99.98429621908247,complete
WP_277141542.1,NZ_CP113945.1,725348,725971,+,624,100.0,99.97756602726066,99.98429621908247,complete
OZX58_RS03580,NZ_CP113945.1,726069,727073,+,1005,100.0,99.97756602726069,99.98429621908248,complete
WP_277141544.1,NZ_CP113945.1,726069,727073,+,1005,100.0,99.97756602726069,99.98429621908248,complete
mreC,NZ_CP113945.1,727123,727974,+,852,100.0,99.97756602726068,99.98429621908247,complete
WP_277141546.1,NZ_CP113945.1,727123,727974,+,852,100.0,99.97756602726068,99.98429621908247,complete
mreD,NZ_CP113945.1,727974,728507,+,534,100.0,99.97756602726068,99.98429621908247,complete
WP_277141549.1,NZ_CP113945.1,727974,728507,+,534,100.0,99.97756602726068,99.98429621908247,complete
OZX58_RS03595,NZ_CP113945.1,728540,728677,-,138,100.0,99.97756602726066,99.98429621908247,complete
WP_277129755.1,NZ_CP113945.1,728540,728677,-,138,100.0,99.97756602726066,99.98429621908247,complete
OZX58_RS03600,NZ_CP113945.1,728770,729096,+,327,100.0,99.97756602726066,99.98429621908247,complete
WP_277129754.1,NZ_CP113945.1,728770,729096,+,327,100.0,99.97756602726066,99.98429621908247,complete
mraZ,NZ_CP113945.1,729267,729698,+,432,100.0,99.97756602726068,99.98429621908247,complete
WP_277141551.1,NZ_CP113945.1,729267,729698,+,432,100.0,99.97756602726068,99.98429621908247,complete
rsmH,NZ_CP113945.1,729702,730649,+,948,100.0,99.97756602726069,99.98429621908248,complete
WP_277141553.1,NZ_CP113945.1,729702,730649,+,948,100.0,99.97756602726069,99.98429621908248,complete
ftsL,NZ_CP113945.1,730662,731024,+,363,100.0,99.97756602726065,99.98429621908245,complete
WP_277129751.1,NZ_CP113945.1,730662,731024,+,363,100.0,99.97756602726065,99.98429621908245,complete
OZX58_RS03620,NZ_CP113945.1,731024,733189,+,2166,100.0,99.97756602726066,99.98429621908247,complete
WP_277141555.1,NZ_CP113945.1,731024,733189,+,2166,100.0,99.97756602726066,99.98429621908247,complete
mraY,NZ_CP113945.1,733197,734159,+,963,100.0,99.97756602726069,99.98429621908248,complete
WP_277141557.1,NZ_CP113945.1,733197,734159,+,963,100.0,99.97756602726069,99.98429621908248,complete
murD,NZ_CP113945.1,734170,735549,+,1380,100.0,99.97756602726066,99.98429621908247,complete
WP_277141559.1,NZ_CP113945.1,734170,735549,+,1380,100.0,99.97756602726066,99.98429621908247,complete
murG,NZ_CP113945.1,735551,736657,+,1107,100.0,99.97756602726066,99.98429621908247,complete
WP_277141560.1,NZ_CP113945.1,735551,736657,+,1107,100.0,99.97756602726066,99.98429621908247,complete
OZX58_RS03640,NZ_CP113945.1,736679,737533,+,855,100.0,99.97756602726066,99.98429621908247,complete
WP_277141562.1,NZ_CP113945.1,736679,737533,+,855,100.0,99.97756602726066,99.98429621908247,complete
ftsA,NZ_CP113945.1,737588,738949,+,1362,100.0,99.97756602726068,99.98429621908247,complete
WP_277141564.1,NZ_CP113945.1,737588,738949,+,1362,100.0,99.97756602726068,99.98429621908247,complete
ftsZ,NZ_CP113945.1,738965,740293,+,1329,100.0,99.97756602726068,99.98429621908247,complete
WP_277141567.1,NZ_CP113945.1,738965,740293,+,1329,100.0,99.97756602726068,99.98429621908247,complete
sepF,NZ_CP113945.1,740363,740749,+,387,100.0,99.97756602726066,99.98429621908247,complete
WP_277129967.1,NZ_CP113945.1,740363,740749,+,387,100.0,99.97756602726066,99.98429621908247,complete
OZX58_RS03660,NZ_CP113945.1,740749,741051,+,303,100.0,99.97756602726065,99.98429621908245,complete
WP_277129742.1,NZ_CP113945.1,740749,741051,+,303,100.0,99.97756602726065,99.98429621908245,complete
OZX58_RS03665,NZ_CP113945.1,741051,741851,+,801,100.0,99.97756602726069,99.98429621908248,complete
WP_277141569.1,NZ_CP113945.1,741051,741851,+,801,100.0,99.97756602726069,99.98429621908248,complete
OZX58_RS03670,NZ_CP113945.1,741827,742594,+,768,100.0,99.97756602726066,99.98429621908247,complete
WP_277129740.1,NZ_CP113945.1,741827,742594,+,768,100.0,99.97756602726066,99.98429621908247,complete
ileS,NZ_CP113945.1,742819,745608,+,2790,100.0,99.97756602726068,99.98429621908247,complete
WP_277141571.1,NZ_CP113945.1,742819,745608,+,2790,100.0,99.97756602726068,99.98429621908247,complete
OZX58_RS03680,NZ_CP113945.1,745608,745829,+,222,100.0,99.97756602726068,99.98429621908247,complete
WP_277129738.1,NZ_CP113945.1,745608,745829,+,222,100.0,99.97756602726068,99.98429621908247,complete
OZX58_RS03685,NZ_CP113945.1,745830,746393,+,564,100.0,99.97756602726066,99.98429621908247,complete
WP_277129736.1,NZ_CP113945.1,745830,746393,+,564,100.0,99.97756602726066,99.98429621908247,complete
OZX58_RS03690,NZ_CP113945.1,746395,746730,+,336,100.0,99.97756602726065,99.98429621908245,complete
WP_277141573.1,NZ_CP113945.1,746395,746730,+,336,100.0,99.97756602726065,99.98429621908245,complete
OZX58_RS03695,NZ_CP113945.1,746757,747452,+,696,100.0,99.97756602726066,99.98429621908247,complete
WP_277141574.1,NZ_CP113945.1,746757,747452,+,696,100.0,99.97756602726066,99.98429621908247,complete
OZX58_RS03700,NZ_CP113945.1,747453,748601,+,1149,100.0,99.97756602726066,99.98429621908247,complete
WP_277141576.1,NZ_CP113945.1,747453,748601,+,1149,100.0,99.97756602726066,99.98429621908247,complete
OZX58_RS03705,NZ_CP113945.1,748650,748991,+,342,100.0,99.97756602726066,99.98429621908247,complete
WP_277141578.1,NZ_CP113945.1,748650,748991,+,342,100.0,99.97756602726066,99.98429621908247,complete
mnmA,NZ_CP113945.1,749031,750122,+,1092,100.0,99.97756602726065,99.98429621908245,complete
WP_277141733.1,NZ_CP113945.1,749031,750122,+,1092,100.0,99.97756602726065,99.98429621908245,complete
OZX58_RS03715,NZ_CP113945.1,750229,750888,+,660,100.0,99.97756602726065,99.98429621908245,complete
WP_277141580.1,NZ_CP113945.1,750229,750888,+,660,100.0,99.97756602726065,99.98429621908245,complete
OZX58_RS03720,NZ_CP113945.1,750889,751527,+,639,100.0,99.97756602726066,99.98429621908247,complete
WP_277141582.1,NZ_CP113945.1,750889,751527,+,639,100.0,99.97756602726066,99.98429621908247,complete
OZX58_RS03725,NZ_CP113945.1,751520,753889,+,2370,100.0,99.97756602726066,99.98429621908247,complete
WP_277141584.1,NZ_CP113945.1,751520,753889,+,2370,100.0,99.97756602726066,99.98429621908247,complete
OZX58_RS03730,NZ_CP113945.1,753902,754288,+,387,100.0,99.97756602726066,99.98429621908247,complete
WP_277141586.1,NZ_CP113945.1,753902,754288,+,387,100.0,99.97756602726066,99.98429621908247,complete
OZX58_RS03735,NZ_CP113945.1,754424,755998,+,1575,100.0,99.97756602726068,99.98429621908247,complete
WP_277141588.1,NZ_CP113945.1,754424,755998,+,1575,100.0,99.97756602726068,99.98429621908247,complete
OZX58_RS03740,NZ_CP113945.1,756041,756976,-,936,100.0,99.97756602726069,99.98429621908248,complete
WP_277129723.1,NZ_CP113945.1,756041,756976,-,936,100.0,99.97756602726069,99.98429621908248,complete
OZX58_RS03745,NZ_CP113945.1,757024,758703,-,1680,100.0,99.97756602726068,99.98429621908247,complete
WP_277129722.1,NZ_CP113945.1,757024,758703,-,1680,100.0,99.97756602726068,99.98429621908247,complete
OZX58_RS03750,NZ_CP113945.1,758710,758934,-,225,100.0,99.97756602726068,99.98429621908247,complete
WP_277129721.1,NZ_CP113945.1,758710,758934,-,225,100.0,99.97756602726068,99.98429621908247,complete
def,NZ_CP113945.1,759111,759665,-,555,100.0,99.97756602726066,99.98429621908247,complete
WP_277129720.1,NZ_CP113945.1,759111,759665,-,555,100.0,99.97756602726066,99.98429621908247,complete
typA,NZ_CP113945.1,759924,761765,+,1842,100.0,99.97756602726069,99.98429621908248,complete
WP_277129719.1,NZ_CP113945.1,759924,761765,+,1842,100.0,99.97756602726069,99.98429621908248,complete
OZX58_RS03765,NZ_CP113945.1,761869,763041,+,1173,100.0,99.97756602726066,99.98429621908247,complete
WP_277141592.1,NZ_CP113945.1,761869,763041,+,1173,100.0,99.97756602726066,99.98429621908247,complete
OZX58_RS03770,NZ_CP113945.1,763038,763379,+,342,100.0,99.97756602726066,99.98429621908247,complete
WP_277129717.1,NZ_CP113945.1,763038,763379,+,342,100.0,99.97756602726066,99.98429621908247,complete
rsmD,NZ_CP113945.1,763376,763927,+,552,100.0,99.97756602726066,99.98429621908247,complete
WP_277141593.1,NZ_CP113945.1,763376,763927,+,552,100.0,99.97756602726066,99.98429621908247,complete
coaD,NZ_CP113945.1,763927,764406,+,480,100.0,99.97756602726069,99.98429621908248,complete
WP_277141596.1,NZ_CP113945.1,763927,764406,+,480,100.0,99.97756602726069,99.98429621908248,complete
OZX58_RS03785,NZ_CP113945.1,764412,765461,+,1050,100.0,99.97756602726068,99.98429621908247,complete
WP_277141598.1,NZ_CP113945.1,764412,765461,+,1050,100.0,99.97756602726068,99.98429621908247,complete
OZX58_RS03790,NZ_CP113945.1,765522,766229,+,708,100.0,99.97756602726066,99.98429621908247,complete
WP_277141600.1,NZ_CP113945.1,765522,766229,+,708,100.0,99.97756602726066,99.98429621908247,complete
OZX58_RS03795,NZ_CP113945.1,766198,768480,+,2283,100.0,99.97756602726066,99.98429621908247,complete
WP_277141735.1,NZ_CP113945.1,766198,768480,+,2283,100.0,99.97756602726066,99.98429621908247,complete
holA,NZ_CP113945.1,768477,769463,+,987,100.0,99.97756602726069,99.98429621908248,complete
WP_277141602.1,NZ_CP113945.1,768477,769463,+,987,100.0,99.97756602726069,99.98429621908248,complete
rpsT,NZ_CP113945.1,769527,769778,-,252,100.0,99.97756602726068,99.98429621908247,complete
WP_277129711.1,NZ_CP113945.1,769527,769778,-,252,100.0,99.97756602726068,99.98429621908247,complete
rpsO,NZ_CP113945.1,769980,770249,+,270,100.0,99.97756602726068,99.98429621908247,complete
WP_277129710.1,NZ_CP113945.1,769980,770249,+,270,100.0,99.97756602726068,99.98429621908247,complete
OZX58_RS03815,NZ_CP113945.1,770405,772174,+,1770,100.0,99.97756602726068,99.98429621908247,complete
WP_277129708.1,NZ_CP113945.1,770405,772174,+,1770,100.0,99.97756602726068,99.98429621908247,complete
OZX58_RS03820,NZ_CP113945.1,772177,773010,+,834,100.0,99.97756602726068,99.98429621908247,complete
WP_277141604.1,NZ_CP113945.1,772177,773010,+,834,100.0,99.97756602726068,99.98429621908247,complete
tuf,NZ_CP113945.1,773196,774386,+,1191,100.0,99.97756602726066,99.98429621908247,complete
WP_277129706.1,NZ_CP113945.1,773196,774386,+,1191,100.0,99.97756602726066,99.98429621908247,complete
tig,NZ_CP113945.1,774530,775852,+,1323,100.0,99.97756602726065,99.98429621908245,complete
WP_277129705.1,NZ_CP113945.1,774530,775852,+,1323,100.0,99.97756602726065,99.98429621908245,complete
clpX,NZ_CP113945.1,775979,777244,+,1266,100.0,99.97756602726066,99.98429621908247,complete
WP_277141606.1,NZ_CP113945.1,775979,777244,+,1266,100.0,99.97756602726066,99.98429621908247,complete
yihA,NZ_CP113945.1,777234,777821,+,588,100.0,99.97756602726066,99.98429621908247,complete
WP_277129703.1,NZ_CP113945.1,777234,777821,+,588,100.0,99.97756602726066,99.98429621908247,complete
OZX58_RS03845,NZ_CP113945.1,777850,777972,-,123,100.0,99.97756602726069,99.98429621908248,complete
WP_277129702.1,NZ_CP113945.1,777850,777972,-,123,100.0,99.97756602726069,99.98429621908248,complete
uvrC,NZ_CP113945.1,778147,779949,+,1803,100.0,99.97756602726068,99.98429621908247,complete
WP_277129701.1,NZ_CP113945.1,778147,779949,+,1803,100.0,99.97756602726068,99.98429621908247,complete
obgE,NZ_CP113945.1,780030,781334,+,1305,100.0,99.97756602726066,99.98429621908247,complete
WP_277141608.1,NZ_CP113945.1,780030,781334,+,1305,100.0,99.97756602726066,99.98429621908247,complete
OZX58_RS03860,NZ_CP113945.1,781362,783281,+,1920,100.0,99.97756602726069,99.98429621908248,complete
WP_277141610.1,NZ_CP113945.1,781362,783281,+,1920,100.0,99.97756602726069,99.98429621908248,complete
rnz,NZ_CP113945.1,783294,784235,+,942,100.0,99.97756602726068,99.98429621908247,complete
WP_277129698.1,NZ_CP113945.1,783294,784235,+,942,100.0,99.97756602726068,99.98429621908247,complete
OZX58_RS03870,NZ_CP113945.1,784228,785028,+,801,100.0,99.97756602726069,99.98429621908248,complete
WP_277141612.1,NZ_CP113945.1,784228,785028,+,801,100.0,99.97756602726069,99.98429621908248,complete
OZX58_RS03875,NZ_CP113945.1,785037,785258,+,222,100.0,99.97756602726068,99.98429621908247,complete
WP_277141614.1,NZ_CP113945.1,785037,785258,+,222,100.0,99.97756602726068,99.98429621908247,complete
rpmF,NZ_CP113945.1,785370,785561,+,192,100.0,99.97756602726066,99.98429621908247,complete
WP_277129694.1,NZ_CP113945.1,785370,785561,+,192,100.0,99.97756602726066,99.98429621908247,complete
OZX58_RS03885,NZ_CP113945.1,785632,787179,+,1548,100.0,99.97756602726066,99.98429621908247,complete
WP_277141616.1,NZ_CP113945.1,785632,787179,+,1548,100.0,99.97756602726066,99.98429621908247,complete
OZX58_RS03890,NZ_CP113945.1,787227,787433,-,207,100.0,99.97756602726068,99.98429621908247,complete
WP_277129692.1,NZ_CP113945.1,787227,787433,-,207,100.0,99.97756602726068,99.98429621908247,complete
OZX58_RS03895,NZ_CP113945.1,787545,790673,+,3129,100.0,99.97756602726068,99.98429621908247,complete
WP_277141618.1,NZ_CP113945.1,787545,790673,+,3129,100.0,99.97756602726068,99.98429621908247,complete
pfkA,NZ_CP113945.1,790841,791800,+,960,100.0,99.97756602726069,99.98429621908248,complete
WP_277129690.1,NZ_CP113945.1,790841,791800,+,960,100.0,99.97756602726069,99.98429621908248,complete
pyk,NZ_CP113945.1,791831,793600,+,1770,100.0,99.97756602726068,99.98429621908247,complete
WP_277129689.1,NZ_CP113945.1,791831,793600,+,1770,100.0,99.97756602726068,99.98429621908247,complete
OZX58_RS03910,NZ_CP113945.1,793713,794600,+,888,100.0,99.97756602726068,99.98429621908247,complete
WP_277141620.1,NZ_CP113945.1,793713,794600,+,888,100.0,99.97756602726068,99.98429621908247,complete
xerD,NZ_CP113945.1,794584,795492,+,909,100.0,99.97756602726068,99.98429621908247,complete
WP_277141736.1,NZ_CP113945.1,794584,795492,+,909,100.0,99.97756602726068,99.98429621908247,complete
OZX58_RS03920,NZ_CP113945.1,795501,795863,+,363,100.0,99.97756602726065,99.98429621908245,complete
WP_277129687.1,NZ_CP113945.1,795501,795863,+,363,100.0,99.97756602726065,99.98429621908245,complete
OZX58_RS03925,NZ_CP113945.1,795853,796590,+,738,100.0,99.97756602726068,99.98429621908247,complete
WP_277141738.1,NZ_CP113945.1,795853,796590,+,738,100.0,99.97756602726068,99.98429621908247,complete
scpB,NZ_CP113945.1,796580,797188,+,609,100.0,99.97756602726066,99.98429621908247,complete
WP_277141622.1,NZ_CP113945.1,796580,797188,+,609,100.0,99.97756602726066,99.98429621908247,complete
OZX58_RS03935,NZ_CP113945.1,797188,797907,+,720,100.0,99.97756602726066,99.98429621908247,complete
WP_277129686.1,NZ_CP113945.1,797188,797907,+,720,100.0,99.97756602726066,99.98429621908247,complete
OZX58_RS03940,NZ_CP113945.1,798190,798831,+,642,100.0,99.97756602726066,99.98429621908247,complete
WP_277141740.1,NZ_CP113945.1,798190,798831,+,642,100.0,99.97756602726066,99.98429621908247,complete
OZX58_RS03945,NZ_CP113945.1,798928,799437,+,510,100.0,99.97756602726069,99.98429621908248,complete
WP_277141624.1,NZ_CP113945.1,798928,799437,+,510,100.0,99.97756602726069,99.98429621908248,complete
cmk,NZ_CP113945.1,799481,800155,+,675,100.0,99.97756602726066,99.98429621908247,complete
WP_277141626.1,NZ_CP113945.1,799481,800155,+,675,100.0,99.97756602726066,99.98429621908247,complete
rpsA,NZ_CP113945.1,800228,801439,+,1212,100.0,99.97756602726066,99.98429621908247,complete
WP_277129683.1,NZ_CP113945.1,800228,801439,+,1212,100.0,99.97756602726066,99.98429621908247,complete
der,NZ_CP113945.1,801506,802816,+,1311,100.0,99.97756602726065,99.98429621908245,complete
WP_277141629.1,NZ_CP113945.1,801506,802816,+,1311,100.0,99.97756602726065,99.98429621908245,complete
OZX58_RS03965,NZ_CP113945.1,803004,803279,+,276,100.0,99.97756602726066,99.98429621908247,complete
WP_277129681.1,NZ_CP113945.1,803004,803279,+,276,100.0,99.97756602726066,99.98429621908247,complete
OZX58_RS03970,NZ_CP113945.1,803406,804659,+,1254,100.0,99.97756602726066,99.98429621908247,complete
WP_277141631.1,NZ_CP113945.1,803406,804659,+,1254,100.0,99.97756602726066,99.98429621908247,complete
OZX58_RS03975,NZ_CP113945.1,804849,806045,+,1197,100.0,99.97756602726066,99.98429621908247,complete
WP_277141633.1,NZ_CP113945.1,804849,806045,+,1197,100.0,99.97756602726066,99.98429621908247,complete
OZX58_RS03980,NZ_CP113945.1,806042,806707,-,666,100.0,99.97756602726066,99.98429621908247,complete
WP_277141635.1,NZ_CP113945.1,806042,806707,-,666,100.0,99.97756602726066,99.98429621908247,complete
OZX58_RS03985,NZ_CP113945.1,806825,807685,+,861,100.0,99.97756602726068,99.98429621908247,complete
WP_277141637.1,NZ_CP113945.1,806825,807685,+,861,100.0,99.97756602726068,99.98429621908247,complete
OZX58_RS03990,NZ_CP113945.1,807688,807918,+,231,100.0,99.97756602726068,99.98429621908247,complete
WP_277129674.1,NZ_CP113945.1,807688,807918,+,231,100.0,99.97756602726068,99.98429621908247,complete
ylqF,NZ_CP113945.1,807968,808807,+,840,100.0,99.97756602726068,99.98429621908247,complete
WP_277129673.1,NZ_CP113945.1,807968,808807,+,840,100.0,99.97756602726068,99.98429621908247,complete
OZX58_RS04000,NZ_CP113945.1,808804,809556,+,753,100.0,99.97756602726068,99.98429621908247,complete
WP_277141638.1,NZ_CP113945.1,808804,809556,+,753,100.0,99.97756602726068,99.98429621908247,complete
dprA,NZ_CP113945.1,809610,810458,+,849,100.0,99.97756602726069,99.98429621908248,complete
WP_277141640.1,NZ_CP113945.1,809610,810458,+,849,100.0,99.97756602726069,99.98429621908248,complete
topA,NZ_CP113945.1,810524,812635,+,2112,100.0,99.97756602726068,99.98429621908247,complete
WP_277141642.1,NZ_CP113945.1,810524,812635,+,2112,100.0,99.97756602726068,99.98429621908247,complete
trmFO,NZ_CP113945.1,812722,814038,+,1317,100.0,99.97756602726066,99.98429621908247,complete
WP_277141644.1,NZ_CP113945.1,812722,814038,+,1317,100.0,99.97756602726066,99.98429621908247,complete
xerC,NZ_CP113945.1,814039,814962,+,924,100.0,99.97756602726068,99.98429621908247,complete
WP_277141646.1,NZ_CP113945.1,814039,814962,+,924,100.0,99.97756602726068,99.98429621908247,complete
hslV,NZ_CP113945.1,814962,815486,+,525,100.0,99.97756602726068,99.98429621908247,complete
WP_277129667.1,NZ_CP113945.1,814962,815486,+,525,100.0,99.97756602726068,99.98429621908247,complete
hslU,NZ_CP113945.1,815502,816911,+,1410,100.0,99.97756602726068,99.98429621908247,complete
WP_277141647.1,NZ_CP113945.1,815502,816911,+,1410,100.0,99.97756602726068,99.98429621908247,complete
OZX58_RS04035,NZ_CP113945.1,816930,817817,+,888,100.0,99.97756602726068,99.98429621908247,complete
WP_277129665.1,NZ_CP113945.1,816930,817817,+,888,100.0,99.97756602726068,99.98429621908247,complete
plsY,NZ_CP113945.1,817940,818575,-,636,100.0,99.97756602726066,99.98429621908247,complete
WP_277141649.1,NZ_CP113945.1,817940,818575,-,636,100.0,99.97756602726066,99.98429621908247,complete
parE,NZ_CP113945.1,818673,820631,+,1959,100.0,99.97756602726069,99.98429621908248,complete
WP_277141651.1,NZ_CP113945.1,818673,820631,+,1959,100.0,99.97756602726069,99.98429621908248,complete
parC,NZ_CP113945.1,820647,823103,+,2457,100.0,99.97756602726066,99.98429621908247,complete
WP_277141653.1,NZ_CP113945.1,820647,823103,+,2457,100.0,99.97756602726066,99.98429621908247,complete
OZX58_RS04055,NZ_CP113945.1,823254,824189,+,936,100.0,99.97756602726069,99.98429621908248,complete
WP_277141655.1,NZ_CP113945.1,823254,824189,+,936,100.0,99.97756602726069,99.98429621908248,complete
OZX58_RS04060,NZ_CP113945.1,824250,825179,+,930,100.0,99.97756602726069,99.98429621908248,complete
WP_277141657.1,NZ_CP113945.1,824250,825179,+,930,100.0,99.97756602726069,99.98429621908248,complete
OZX58_RS04065,NZ_CP113945.1,825251,825610,-,360,100.0,99.97756602726066,99.98429621908247,complete
WP_122018189.1,NZ_CP113945.1,825251,825610,-,360,100.0,99.97756602726066,99.98429621908247,complete
xerS,NZ_CP113945.1,826974,828041,+,1068,100.0,99.97756602726066,99.98429621908247,complete
WP_277129659.1,NZ_CP113945.1,826974,828041,+,1068,100.0,99.97756602726066,99.98429621908247,complete
OZX58_RS04075,NZ_CP113945.1,828106,830076,-,1971,100.0,99.97756602726069,99.98429621908248,complete
WP_277141659.1,NZ_CP113945.1,828106,830076,-,1971,100.0,99.97756602726069,99.98429621908248,complete
OZX58_RS04080,NZ_CP113945.1,830232,830855,-,624,100.0,99.97756602726066,99.98429621908247,complete
WP_277141660.1,NZ_CP113945.1,830232,830855,-,624,100.0,99.97756602726066,99.98429621908247,complete
OZX58_RS04085,NZ_CP113945.1,830905,831783,-,879,100.0,99.97756602726066,99.98429621908247,complete
WP_277129656.1,NZ_CP113945.1,830905,831783,-,879,100.0,99.97756602726066,99.98429621908247,complete
OZX58_RS04090,NZ_CP113945.1,831857,832270,-,414,100.0,99.97756602726068,99.98429621908247,complete
WP_277141662.1,NZ_CP113945.1,831857,832270,-,414,100.0,99.97756602726068,99.98429621908247,complete
OZX58_RS04095,NZ_CP113945.1,832649,834337,+,1689,100.0,99.97756602726068,99.98429621908247,complete
WP_277141664.1,NZ_CP113945.1,832649,834337,+,1689,100.0,99.97756602726068,99.98429621908247,complete
OZX58_RS04100,NZ_CP113945.1,834390,837566,-,3177,100.0,99.97756602726066,99.98429621908247,complete
WP_277141666.1,NZ_CP113945.1,834390,837566,-,3177,100.0,99.97756602726066,99.98429621908247,complete
OZX58_RS04105,NZ_CP113945.1,837571,838626,-,1056,100.0,99.97756602726068,99.98429621908247,complete
WP_277141668.1,NZ_CP113945.1,837571,838626,-,1056,100.0,99.97756602726068,99.98429621908247,complete
OZX58_RS04110,NZ_CP113945.1,838631,839539,-,909,100.0,99.97756602726068,99.98429621908247,complete
WP_277141670.1,NZ_CP113945.1,838631,839539,-,909,100.0,99.97756602726068,99.98429621908247,complete
lspA,NZ_CP113945.1,839532,839996,-,465,100.0,99.97756602726069,99.98429621908248,complete
WP_277141672.1,NZ_CP113945.1,839532,839996,-,465,100.0,99.97756602726069,99.98429621908248,complete
OZX58_RS04120,NZ_CP113945.1,840006,841682,-,1677,100.0,99.97756602726066,99.98429621908247,complete
WP_277129649.1,NZ_CP113945.1,840006,841682,-,1677,100.0,99.97756602726066,99.98429621908247,complete
OZX58_RS04125,NZ_CP113945.1,841872,842207,-,336,100.0,99.97756602726065,99.98429621908245,complete
WP_277141673.1,NZ_CP113945.1,841872,842207,-,336,100.0,99.97756602726065,99.98429621908245,complete
OZX58_RS04130,NZ_CP113945.1,842222,843451,-,1230,100.0,99.97756602726066,99.98429621908247,complete
WP_277141675.1,NZ_CP113945.1,842222,843451,-,1230,100.0,99.97756602726066,99.98429621908247,complete
OZX58_RS04135,NZ_CP113945.1,843448,844572,-,1125,100.0,99.97756602726065,99.98429621908245,complete
WP_277141677.1,NZ_CP113945.1,843448,844572,-,1125,100.0,99.97756602726065,99.98429621908245,complete
rnpB,NZ_CP113945.1,844642,844999,-,358,100.0,99.97756602726066,99.98429621908247,complete
OZX58_RS04145,NZ_CP113945.1,845029,845463,-,435,100.0,99.97756602726068,99.98429621908247,complete
WP_277141679.1,NZ_CP113945.1,845029,845463,-,435,100.0,99.97756602726068,99.98429621908247,complete
OZX58_RS04150,NZ_CP113945.1,845518,846123,-,606,100.0,99.97756602726066,99.98429621908247,complete
WP_277141680.1,NZ_CP113945.1,845518,846123,-,606,100.0,99.97756602726066,99.98429621908247,complete
recU,NZ_CP113945.1,846193,846828,+,636,100.0,99.97756602726066,99.98429621908247,complete
WP_277141683.1,NZ_CP113945.1,846193,846828,+,636,100.0,99.97756602726066,99.98429621908247,complete
OZX58_RS04160,NZ_CP113945.1,846815,849160,+,2346,100.0,99.97756602726066,99.98429621908247,complete
WP_277141685.1,NZ_CP113945.1,846815,849160,+,2346,100.0,99.97756602726066,99.98429621908247,complete
OZX58_RS04165,NZ_CP113945.1,849216,850760,-,1545,100.0,99.97756602726066,99.98429621908247,complete
WP_277141687.1,NZ_CP113945.1,849216,850760,-,1545,100.0,99.97756602726066,99.98429621908247,complete
asp2,NZ_CP113945.1,851000,852556,-,1557,100.0,99.97756602726068,99.98429621908247,complete
WP_277141689.1,NZ_CP113945.1,851000,852556,-,1557,100.0,99.97756602726068,99.98429621908247,complete
asp1,NZ_CP113945.1,852557,854026,-,1470,100.0,99.97756602726065,99.98429621908245,complete
WP_277141691.1,NZ_CP113945.1,852557,854026,-,1470,100.0,99.97756602726065,99.98429621908245,complete
OZX58_RS04180,NZ_CP113945.1,854042,855259,-,1218,100.0,99.97756602726066,99.98429621908247,complete
WP_277141693.1,NZ_CP113945.1,854042,855259,-,1218,100.0,99.97756602726066,99.98429621908247,complete
secA,NZ_CP113945.1,855306,857639,-,2334,100.0,99.97756602726066,99.98429621908247,complete
WP_277140390.1,NZ_CP113945.1,855306,857639,-,2334,100.0,99.97756602726066,99.98429621908247,complete
OZX58_RS04190,NZ_CP113945.1,857653,857835,-,183,100.0,99.97756602726066,99.98429621908247,complete
WP_277140391.1,NZ_CP113945.1,857653,857835,-,183,100.0,99.97756602726066,99.98429621908247,complete
OZX58_RS04195,NZ_CP113945.1,857868,858641,-,774,100.0,99.97756602726066,99.98429621908247,complete
WP_277140392.1,NZ_CP113945.1,857868,858641,-,774,100.0,99.97756602726066,99.98429621908247,complete
OZX58_RS04200,NZ_CP113945.1,858830,863773,-,4944,100.0,99.97756602726066,99.98429621908247,complete
WP_277140393.1,NZ_CP113945.1,858830,863773,-,4944,100.0,99.97756602726066,99.98429621908247,complete
nth,NZ_CP113945.1,864038,864661,-,624,100.0,99.97756602726066,99.98429621908247,complete
WP_277140394.1,NZ_CP113945.1,864038,864661,-,624,100.0,99.97756602726066,99.98429621908247,complete
OZX58_RS04210,NZ_CP113945.1,864661,865302,-,642,100.0,99.97756602726066,99.98429621908247,complete
WP_277129632.1,NZ_CP113945.1,864661,865302,-,642,100.0,99.97756602726066,99.98429621908247,complete
asnS,NZ_CP113945.1,865375,866673,-,1299,100.0,99.97756602726065,99.98429621908245,complete
WP_277140396.1,NZ_CP113945.1,865375,866673,-,1299,100.0,99.97756602726065,99.98429621908245,complete
OZX58_RS04220,NZ_CP113945.1,866740,867222,-,483,100.0,99.97756602726068,99.98429621908247,complete
WP_277140397.1,NZ_CP113945.1,866740,867222,-,483,100.0,99.97756602726068,99.98429621908247,complete
OZX58_RS04225,NZ_CP113945.1,867215,870001,-,2787,100.0,99.97756602726065,99.98429621908245,complete
WP_277129629.1,NZ_CP113945.1,867215,870001,-,2787,100.0,99.97756602726065,99.98429621908245,complete
addA,NZ_CP113945.1,870023,873634,-,3612,100.0,99.97756602726069,99.98429621908248,complete
WP_277140398.1,NZ_CP113945.1,870023,873634,-,3612,100.0,99.97756602726069,99.98429621908248,complete
OZX58_RS04235,NZ_CP113945.1,873638,877114,-,3477,100.0,99.97756602726068,99.98429621908247,complete
WP_277140400.1,NZ_CP113945.1,873638,877114,-,3477,100.0,99.97756602726068,99.98429621908247,complete
mvk,NZ_CP113945.1,877190,878098,+,909,100.0,99.97756602726068,99.98429621908247,complete
WP_277140401.1,NZ_CP113945.1,877190,878098,+,909,100.0,99.97756602726068,99.98429621908247,complete
mvaD,NZ_CP113945.1,878098,879060,+,963,100.0,99.97756602726069,99.98429621908248,complete
WP_277140402.1,NZ_CP113945.1,878098,879060,+,963,100.0,99.97756602726069,99.98429621908248,complete
OZX58_RS04250,NZ_CP113945.1,879095,880177,+,1083,100.0,99.97756602726068,99.98429621908247,complete
WP_277140403.1,NZ_CP113945.1,879095,880177,+,1083,100.0,99.97756602726068,99.98429621908247,complete
fni,NZ_CP113945.1,880186,881202,+,1017,100.0,99.97756602726069,99.98429621908248,complete
WP_277140404.1,NZ_CP113945.1,880186,881202,+,1017,100.0,99.97756602726069,99.98429621908248,complete
OZX58_RS04260,NZ_CP113945.1,881336,883153,-,1818,100.0,99.97756602726068,99.98429621908247,complete
WP_277140406.1,NZ_CP113945.1,881336,883153,-,1818,100.0,99.97756602726068,99.98429621908247,complete
OZX58_RS04265,NZ_CP113945.1,883176,884828,-,1653,100.0,99.97756602726068,99.98429621908247,complete
WP_277140407.1,NZ_CP113945.1,883176,884828,-,1653,100.0,99.97756602726068,99.98429621908247,complete
OZX58_RS04270,NZ_CP113945.1,884844,885965,-,1122,100.0,99.97756602726065,99.98429621908245,complete
WP_277140408.1,NZ_CP113945.1,884844,885965,-,1122,100.0,99.97756602726065,99.98429621908245,complete
OZX58_RS04275,NZ_CP113945.1,886194,886931,-,738,100.0,99.97756602726068,99.98429621908247,complete
WP_277140409.1,NZ_CP113945.1,886194,886931,-,738,100.0,99.97756602726068,99.98429621908247,complete
OZX58_RS04280,NZ_CP113945.1,886961,887737,-,777,100.0,99.97756602726068,99.98429621908247,complete
WP_277140410.1,NZ_CP113945.1,886961,887737,-,777,100.0,99.97756602726068,99.98429621908247,complete
OZX58_RS04285,NZ_CP113945.1,887743,889128,-,1386,100.0,99.97756602726065,99.98429621908245,complete
WP_277140412.1,NZ_CP113945.1,887743,889128,-,1386,100.0,99.97756602726065,99.98429621908245,complete
OZX58_RS04290,NZ_CP113945.1,889121,890086,-,966,100.0,99.97756602726068,99.98429621908247,complete
WP_277140413.1,NZ_CP113945.1,889121,890086,-,966,100.0,99.97756602726068,99.98429621908247,complete
OZX58_RS04295,NZ_CP113945.1,890076,890828,-,753,100.0,99.97756602726068,99.98429621908247,complete
WP_277140414.1,NZ_CP113945.1,890076,890828,-,753,100.0,99.97756602726068,99.98429621908247,complete
lepB,NZ_CP113945.1,890911,891483,+,573,100.0,99.97756602726065,99.98429621908245,complete
WP_277140415.1,NZ_CP113945.1,890911,891483,+,573,100.0,99.97756602726065,99.98429621908245,complete
OZX58_RS04305,NZ_CP113945.1,891546,891737,+,192,100.0,99.97756602726066,99.98429621908247,complete
WP_277129613.1,NZ_CP113945.1,891546,891737,+,192,100.0,99.97756602726066,99.98429621908247,complete
OZX58_RS04310,NZ_CP113945.1,892541,893098,-,558,100.0,99.97756602726066,99.98429621908247,complete
WP_277140416.1,NZ_CP113945.1,892541,893098,-,558,100.0,99.97756602726066,99.98429621908247,complete
OZX58_RS04315,NZ_CP113945.1,893126,893944,-,819,100.0,99.97756602726068,99.98429621908247,complete
WP_277140417.1,NZ_CP113945.1,893126,893944,-,819,100.0,99.97756602726068,99.98429621908247,complete
OZX58_RS04320,NZ_CP113945.1,893965,894786,-,822,100.0,99.97756602726066,99.98429621908247,complete
WP_277140418.1,NZ_CP113945.1,893965,894786,-,822,100.0,99.97756602726066,99.98429621908247,complete
OZX58_RS04325,NZ_CP113945.1,894799,895629,-,831,100.0,99.97756602726066,99.98429621908247,complete
WP_277140419.1,NZ_CP113945.1,894799,895629,-,831,100.0,99.97756602726066,99.98429621908247,complete
OZX58_RS04330,NZ_CP113945.1,895629,896336,-,708,100.0,99.97756602726066,99.98429621908247,complete
WP_277140420.1,NZ_CP113945.1,895629,896336,-,708,100.0,99.97756602726066,99.98429621908247,complete
OZX58_RS04335,NZ_CP113945.1,896348,896701,-,354,100.0,99.97756602726066,99.98429621908247,complete
WP_277140421.1,NZ_CP113945.1,896348,896701,-,354,100.0,99.97756602726066,99.98429621908247,complete
pepT,NZ_CP113945.1,897011,898249,-,1239,100.0,99.97756602726068,99.98429621908247,complete
WP_277140423.1,NZ_CP113945.1,897011,898249,-,1239,100.0,99.97756602726068,99.98429621908247,complete
OZX58_RS04345,NZ_CP113945.1,898259,899056,-,798,100.0,99.97756602726066,99.98429621908247,complete
WP_277140425.1,NZ_CP113945.1,898259,899056,-,798,100.0,99.97756602726066,99.98429621908247,complete
OZX58_RS04350,NZ_CP113945.1,899043,899732,-,690,100.0,99.97756602726066,99.98429621908247,complete
WP_277141742.1,NZ_CP113945.1,899043,899732,-,690,100.0,99.97756602726066,99.98429621908247,complete
OZX58_RS04355,NZ_CP113945.1,899926,900366,+,441,100.0,99.97756602726069,99.98429621908248,complete
WP_277129603.1,NZ_CP113945.1,899926,900366,+,441,100.0,99.97756602726069,99.98429621908248,complete
rpoD,NZ_CP113945.1,900414,901535,-,1122,100.0,99.97756602726065,99.98429621908245,complete
WP_277129602.1,NZ_CP113945.1,900414,901535,-,1122,100.0,99.97756602726065,99.98429621908245,complete
dnaG,NZ_CP113945.1,901535,903349,-,1815,100.0,99.97756602726068,99.98429621908247,complete
WP_277140427.1,NZ_CP113945.1,901535,903349,-,1815,100.0,99.97756602726068,99.98429621908247,complete
glyS,NZ_CP113945.1,903374,905440,-,2067,100.0,99.97756602726069,99.98429621908248,complete
WP_277140429.1,NZ_CP113945.1,903374,905440,-,2067,100.0,99.97756602726069,99.98429621908248,complete
glyQ,NZ_CP113945.1,905433,906350,-,918,100.0,99.97756602726068,99.98429621908247,complete
WP_277129599.1,NZ_CP113945.1,905433,906350,-,918,100.0,99.97756602726068,99.98429621908247,complete
recO,NZ_CP113945.1,906601,907353,-,753,100.0,99.97756602726068,99.98429621908247,complete
WP_277140430.1,NZ_CP113945.1,906601,907353,-,753,100.0,99.97756602726068,99.98429621908247,complete
era,NZ_CP113945.1,907354,908262,-,909,100.0,99.97756602726068,99.98429621908247,complete
WP_277129597.1,NZ_CP113945.1,907354,908262,-,909,100.0,99.97756602726068,99.98429621908247,complete
ybeY,NZ_CP113945.1,908262,908786,-,525,100.0,99.97756602726068,99.98429621908247,complete
WP_277140431.1,NZ_CP113945.1,908262,908786,-,525,100.0,99.97756602726068,99.98429621908247,complete
OZX58_RS04395,NZ_CP113945.1,908786,909742,-,957,100.0,99.97756602726068,99.98429621908247,complete
WP_277140432.1,NZ_CP113945.1,908786,909742,-,957,100.0,99.97756602726068,99.98429621908247,complete
OZX58_RS04400,NZ_CP113945.1,909764,910207,-,444,100.0,99.97756602726068,99.98429621908247,complete
WP_277140433.1,NZ_CP113945.1,909764,910207,-,444,100.0,99.97756602726068,99.98429621908247,complete
rpsU,NZ_CP113945.1,910341,910517,-,177,100.0,99.97756602726066,99.98429621908247,complete
WP_009560161.1,NZ_CP113945.1,910341,910517,-,177,100.0,99.97756602726066,99.98429621908247,complete
OZX58_RS04410,NZ_CP113945.1,910700,911530,+,831,100.0,99.97756602726066,99.98429621908247,complete
WP_277129593.1,NZ_CP113945.1,910700,911530,+,831,100.0,99.97756602726066,99.98429621908247,complete
msrA,NZ_CP113945.1,911589,912116,+,528,100.0,99.97756602726068,99.98429621908247,complete
WP_277140434.1,NZ_CP113945.1,911589,912116,+,528,100.0,99.97756602726068,99.98429621908247,complete
OZX58_RS04420,NZ_CP113945.1,912441,913319,+,879,100.0,99.97756602726066,99.98429621908247,complete
WP_277140435.1,NZ_CP113945.1,912441,913319,+,879,100.0,99.97756602726066,99.98429621908247,complete
msrB,NZ_CP113945.1,913369,913806,-,438,100.0,99.97756602726068,99.98429621908247,complete
WP_277141743.1,NZ_CP113945.1,913369,913806,-,438,100.0,99.97756602726068,99.98429621908247,complete
OZX58_RS04430,NZ_CP113945.1,913953,915140,+,1188,100.0,99.97756602726066,99.98429621908247,complete
WP_277140436.1,NZ_CP113945.1,913953,915140,+,1188,100.0,99.97756602726066,99.98429621908247,complete
tpx,NZ_CP113945.1,915241,915732,+,492,100.0,99.97756602726068,99.98429621908247,complete
WP_277140437.1,NZ_CP113945.1,915241,915732,+,492,100.0,99.97756602726068,99.98429621908247,complete
OZX58_RS04440,NZ_CP113945.1,915780,916280,-,501,100.0,99.97756602726068,99.98429621908247,complete
WP_277140438.1,NZ_CP113945.1,915780,916280,-,501,100.0,99.97756602726068,99.98429621908247,complete
aspS,NZ_CP113945.1,916364,918217,-,1854,100.0,99.97756602726068,99.98429621908247,complete
WP_277140439.1,NZ_CP113945.1,916364,918217,-,1854,100.0,99.97756602726068,99.98429621908247,complete
hisS,NZ_CP113945.1,918220,919506,-,1287,100.0,99.97756602726065,99.98429621908245,complete
WP_277140440.1,NZ_CP113945.1,918220,919506,-,1287,100.0,99.97756602726065,99.98429621908245,complete
dtd,NZ_CP113945.1,919783,920220,-,438,100.0,99.97756602726068,99.98429621908247,complete
WP_277140441.1,NZ_CP113945.1,919783,920220,-,438,100.0,99.97756602726068,99.98429621908247,complete
OZX58_RS04460,NZ_CP113945.1,920221,922470,-,2250,100.0,99.97756602726065,99.98429621908245,complete
WP_277140442.1,NZ_CP113945.1,920221,922470,-,2250,100.0,99.97756602726065,99.98429621908245,complete
OZX58_RS04465,NZ_CP113945.1,922485,922853,-,369,100.0,99.97756602726068,99.98429621908247,complete
WP_277141745.1,NZ_CP113945.1,922485,922853,-,369,100.0,99.97756602726068,99.98429621908247,complete
prmA,NZ_CP113945.1,922897,923841,-,945,100.0,99.97756602726069,99.98429621908248,complete
WP_277140443.1,NZ_CP113945.1,922897,923841,-,945,100.0,99.97756602726069,99.98429621908248,complete
ybaK,NZ_CP113945.1,923904,924404,+,501,100.0,99.97756602726068,99.98429621908247,complete
WP_277129582.1,NZ_CP113945.1,923904,924404,+,501,100.0,99.97756602726068,99.98429621908247,complete
OZX58_RS04480,NZ_CP113945.1,924514,925461,+,948,100.0,99.97756602726069,99.98429621908248,complete
WP_277140444.1,NZ_CP113945.1,924514,925461,+,948,100.0,99.97756602726069,99.98429621908248,complete
citX,NZ_CP113945.1,925454,925993,-,540,100.0,99.97756602726066,99.98429621908247,complete
WP_277140445.1,NZ_CP113945.1,925454,925993,-,540,100.0,99.97756602726066,99.98429621908247,complete
citF,NZ_CP113945.1,926081,927619,-,1539,100.0,99.97756602726068,99.98429621908247,complete
WP_280923776.1,NZ_CP113945.1,926081,927619,-,1539,100.0,99.97756602726068,99.98429621908247,complete
OZX58_RS04495,NZ_CP113945.1,927609,928523,-,915,100.0,99.97756602726069,99.98429621908248,complete
WP_277140447.1,NZ_CP113945.1,927609,928523,-,915,100.0,99.97756602726069,99.98429621908248,complete
citD,NZ_CP113945.1,928524,928820,-,297,100.0,99.97756602726066,99.98429621908247,complete
WP_277129577.1,NZ_CP113945.1,928524,928820,-,297,100.0,99.97756602726066,99.98429621908247,complete
citC,NZ_CP113945.1,928810,929865,-,1056,100.0,99.97756602726068,99.98429621908247,complete
WP_277140448.1,NZ_CP113945.1,928810,929865,-,1056,100.0,99.97756602726068,99.98429621908247,complete
OZX58_RS04510,NZ_CP113945.1,929853,930650,-,798,100.0,99.97756602726066,99.98429621908247,complete
WP_277140449.1,NZ_CP113945.1,929853,930650,-,798,100.0,99.97756602726066,99.98429621908247,complete
OZX58_RS04515,NZ_CP113945.1,930663,932129,-,1467,100.0,99.97756602726065,99.98429621908245,complete
WP_277129574.1,NZ_CP113945.1,930663,932129,-,1467,100.0,99.97756602726065,99.98429621908245,complete
OZX58_RS04520,NZ_CP113945.1,932149,932847,-,699,100.0,99.97756602726066,99.98429621908247,complete
WP_277129573.1,NZ_CP113945.1,932149,932847,-,699,100.0,99.97756602726066,99.98429621908247,complete
OZX58_RS04525,NZ_CP113945.1,932862,933791,-,930,100.0,99.97756602726069,99.98429621908248,complete
WP_277129572.1,NZ_CP113945.1,932862,933791,-,930,100.0,99.97756602726069,99.98429621908248,complete
OZX58_RS04530,NZ_CP113945.1,933992,935392,-,1401,100.0,99.97756602726066,99.98429621908247,complete
WP_277140450.1,NZ_CP113945.1,933992,935392,-,1401,100.0,99.97756602726066,99.98429621908247,complete
OZX58_RS04535,NZ_CP113945.1,935409,936812,-,1404,100.0,99.97756602726065,99.98429621908245,complete
WP_277140451.1,NZ_CP113945.1,935409,936812,-,1404,100.0,99.97756602726065,99.98429621908245,complete
OZX58_RS04540,NZ_CP113945.1,937062,937613,-,552,100.0,99.97756602726066,99.98429621908247,complete
WP_277140452.1,NZ_CP113945.1,937062,937613,-,552,100.0,99.97756602726066,99.98429621908247,complete
OZX58_RS04545,NZ_CP113945.1,937725,939770,-,2046,100.0,99.97756602726068,99.98429621908247,complete
WP_277141747.1,NZ_CP113945.1,937725,939770,-,2046,100.0,99.97756602726068,99.98429621908247,complete
brnQ,NZ_CP113945.1,939907,941283,-,1377,100.0,99.97756602726068,99.98429621908247,complete
WP_277140453.1,NZ_CP113945.1,939907,941283,-,1377,100.0,99.97756602726068,99.98429621908247,complete
brnQ,NZ_CP113945.1,941738,943120,-,1383,100.0,99.97756602726066,99.98429621908247,complete
WP_277140454.1,NZ_CP113945.1,941738,943120,-,1383,100.0,99.97756602726066,99.98429621908247,complete
OZX58_RS04560,NZ_CP113945.1,943622,945037,-,1416,100.0,99.97756602726066,99.98429621908247,complete
WP_277140455.1,NZ_CP113945.1,943622,945037,-,1416,100.0,99.97756602726066,99.98429621908247,complete
OZX58_RS04565,NZ_CP113945.1,945037,946830,-,1794,100.0,99.97756602726069,99.98429621908248,complete
WP_277141749.1,NZ_CP113945.1,945037,946830,-,1794,100.0,99.97756602726069,99.98429621908248,complete
OZX58_RS04570,NZ_CP113945.1,947043,947930,+,888,100.0,99.97756602726068,99.98429621908247,complete
WP_277140456.1,NZ_CP113945.1,947043,947930,+,888,100.0,99.97756602726068,99.98429621908247,complete
OZX58_RS04575,NZ_CP113945.1,947964,948686,-,723,100.0,99.97756602726066,99.98429621908247,complete
WP_277129563.1,NZ_CP113945.1,947964,948686,-,723,100.0,99.97756602726066,99.98429621908247,complete
lepB,NZ_CP113945.1,949116,949676,-,561,100.0,99.97756602726065,99.98429621908245,complete
WP_277140457.1,NZ_CP113945.1,949116,949676,-,561,100.0,99.97756602726065,99.98429621908245,complete
OZX58_RS04585,NZ_CP113945.1,949799,950518,-,720,100.0,99.97756602726066,99.98429621908247,complete
WP_277140458.1,NZ_CP113945.1,949799,950518,-,720,100.0,99.97756602726066,99.98429621908247,complete
dhaM,NZ_CP113945.1,950639,951010,-,372,100.0,99.97756602726066,99.98429621908247,complete
WP_277140459.1,NZ_CP113945.1,950639,951010,-,372,100.0,99.97756602726066,99.98429621908247,complete
dhaL,NZ_CP113945.1,951007,951591,-,585,100.0,99.97756602726066,99.98429621908247,complete
WP_277140460.1,NZ_CP113945.1,951007,951591,-,585,100.0,99.97756602726066,99.98429621908247,complete
dhaK,NZ_CP113945.1,951604,952602,-,999,100.0,99.97756602726068,99.98429621908247,complete
WP_277140461.1,NZ_CP113945.1,951604,952602,-,999,100.0,99.97756602726068,99.98429621908247,complete
OZX58_RS04605,NZ_CP113945.1,952724,953206,-,483,100.0,99.97756602726068,99.98429621908247,complete
WP_277140462.1,NZ_CP113945.1,952724,953206,-,483,100.0,99.97756602726068,99.98429621908247,complete
OZX58_RS04610,NZ_CP113945.1,953226,953870,-,645,100.0,99.97756602726066,99.98429621908247,complete
WP_277140463.1,NZ_CP113945.1,953226,953870,-,645,100.0,99.97756602726066,99.98429621908247,complete
OZX58_RS04615,NZ_CP113945.1,954071,954925,+,855,100.0,99.97756602726066,99.98429621908247,complete
WP_277140464.1,NZ_CP113945.1,954071,954925,+,855,100.0,99.97756602726066,99.98429621908247,complete
OZX58_RS04620,NZ_CP113945.1,955094,955375,+,282,100.0,99.97756602726066,99.98429621908247,complete
WP_277129553.1,NZ_CP113945.1,955094,955375,+,282,100.0,99.97756602726066,99.98429621908247,complete
OZX58_RS04625,NZ_CP113945.1,955430,956131,-,702,100.0,99.97756602726065,99.98429621908245,complete
WP_277140465.1,NZ_CP113945.1,955430,956131,-,702,100.0,99.97756602726065,99.98429621908245,complete
OZX58_RS04630,NZ_CP113945.1,956124,957185,-,1062,100.0,99.97756602726069,99.98429621908248,complete
WP_277140466.1,NZ_CP113945.1,956124,957185,-,1062,100.0,99.97756602726069,99.98429621908248,complete
OZX58_RS04635,NZ_CP113945.1,957202,958056,-,855,100.0,99.97756602726066,99.98429621908247,complete
WP_277140467.1,NZ_CP113945.1,957202,958056,-,855,100.0,99.97756602726066,99.98429621908247,complete
cds-OZX58_RS04640,NZ_CP113945.1,958072,958925,-,854,100.0,99.97756602726066,99.98429621908247,complete
OZX58_RS04645,NZ_CP113945.1,959271,959462,-,192,100.0,99.97756602726066,99.98429621908247,complete
WP_277140468.1,NZ_CP113945.1,959271,959462,-,192,100.0,99.97756602726066,99.98429621908247,complete
OZX58_RS04650,NZ_CP113945.1,959459,959974,-,516,100.0,99.97756602726068,99.98429621908247,complete
WP_277140469.1,NZ_CP113945.1,959459,959974,-,516,100.0,99.97756602726068,99.98429621908247,complete
OZX58_RS04655,NZ_CP113945.1,960175,960486,+,312,100.0,99.97756602726066,99.98429621908247,complete
WP_277129546.1,NZ_CP113945.1,960175,960486,+,312,100.0,99.97756602726066,99.98429621908247,complete
OZX58_RS04660,NZ_CP113945.1,960542,961456,-,915,100.0,99.97756602726069,99.98429621908248,complete
WP_277140470.1,NZ_CP113945.1,960542,961456,-,915,100.0,99.97756602726069,99.98429621908248,complete
OZX58_RS04665,NZ_CP113945.1,961481,963247,-,1767,100.0,99.97756602726068,99.98429621908247,complete
WP_277140471.1,NZ_CP113945.1,961481,963247,-,1767,100.0,99.97756602726068,99.98429621908247,complete
pnuC,NZ_CP113945.1,963528,964241,-,714,100.0,99.97756602726068,99.98429621908247,complete
WP_277140472.1,NZ_CP113945.1,963528,964241,-,714,100.0,99.97756602726068,99.98429621908247,complete
OZX58_RS04675,NZ_CP113945.1,964472,964560,+,89,100.0,99.97756602726066,99.98429621908247,complete
OZX58_RS04680,NZ_CP113945.1,965172,965648,+,477,100.0,99.97756602726069,99.98429621908248,complete
WP_277140473.1,NZ_CP113945.1,965172,965648,+,477,100.0,99.97756602726069,99.98429621908248,complete
OZX58_RS04685,NZ_CP113945.1,965780,966112,-,333,100.0,99.97756602726066,99.98429621908247,complete
WP_277140474.1,NZ_CP113945.1,965780,966112,-,333,100.0,99.97756602726066,99.98429621908247,complete
OZX58_RS04690,NZ_CP113945.1,966112,966372,-,261,100.0,99.97756602726068,99.98429621908247,complete
WP_277129540.1,NZ_CP113945.1,966112,966372,-,261,100.0,99.97756602726068,99.98429621908247,complete
OZX58_RS04695,NZ_CP113945.1,966621,967202,+,582,100.0,99.97756602726066,99.98429621908247,complete
WP_277140475.1,NZ_CP113945.1,966621,967202,+,582,100.0,99.97756602726066,99.98429621908247,complete
OZX58_RS04700,NZ_CP113945.1,967241,968071,-,831,100.0,99.97756602726066,99.98429621908247,complete
WP_277140476.1,NZ_CP113945.1,967241,968071,-,831,100.0,99.97756602726066,99.98429621908247,complete
eno,NZ_CP113945.1,968308,969594,+,1287,100.0,99.97756602726065,99.98429621908245,complete
WP_277129537.1,NZ_CP113945.1,968308,969594,+,1287,100.0,99.97756602726065,99.98429621908245,complete
OZX58_RS04710,NZ_CP113945.1,969790,972063,+,2274,100.0,99.97756602726066,99.98429621908247,complete
WP_277140477.1,NZ_CP113945.1,969790,972063,+,2274,100.0,99.97756602726066,99.98429621908247,complete
OZX58_RS04715,NZ_CP113945.1,972142,972660,-,519,100.0,99.97756602726069,99.98429621908248,complete
WP_277129955.1,NZ_CP113945.1,972142,972660,-,519,100.0,99.97756602726069,99.98429621908248,complete
OZX58_RS04720,NZ_CP113945.1,972789,973316,-,528,100.0,99.97756602726068,99.98429621908247,complete
WP_277129535.1,NZ_CP113945.1,972789,973316,-,528,100.0,99.97756602726068,99.98429621908247,complete
recJ,NZ_CP113945.1,973418,975694,-,2277,100.0,99.97756602726065,99.98429621908245,complete
WP_277141751.1,NZ_CP113945.1,973418,975694,-,2277,100.0,99.97756602726065,99.98429621908245,complete
lepA,NZ_CP113945.1,975718,977556,-,1839,100.0,99.97756602726066,99.98429621908247,complete
WP_277129534.1,NZ_CP113945.1,975718,977556,-,1839,100.0,99.97756602726066,99.98429621908247,complete
dnaJ,NZ_CP113945.1,977684,978829,-,1146,100.0,99.97756602726065,99.98429621908245,complete
WP_277129533.1,NZ_CP113945.1,977684,978829,-,1146,100.0,99.97756602726065,99.98429621908245,complete
dnaK,NZ_CP113945.1,978911,980764,-,1854,100.0,99.97756602726068,99.98429621908247,complete
WP_277129532.1,NZ_CP113945.1,978911,980764,-,1854,100.0,99.97756602726068,99.98429621908247,complete
grpE,NZ_CP113945.1,980782,981372,-,591,100.0,99.97756602726066,99.98429621908247,complete
WP_277140478.1,NZ_CP113945.1,980782,981372,-,591,100.0,99.97756602726066,99.98429621908247,complete
hrcA,NZ_CP113945.1,981385,982434,-,1050,100.0,99.97756602726068,99.98429621908247,complete
WP_277141753.1,NZ_CP113945.1,981385,982434,-,1050,100.0,99.97756602726068,99.98429621908247,complete
ribF,NZ_CP113945.1,982589,983518,-,930,100.0,99.97756602726069,99.98429621908248,complete
WP_277140479.1,NZ_CP113945.1,982589,983518,-,930,100.0,99.97756602726069,99.98429621908248,complete
truB,NZ_CP113945.1,983538,984431,-,894,100.0,99.97756602726068,99.98429621908247,complete
WP_277140480.1,NZ_CP113945.1,983538,984431,-,894,100.0,99.97756602726068,99.98429621908247,complete
OZX58_RS04765,NZ_CP113945.1,984478,984840,-,363,100.0,99.97756602726065,99.98429621908245,complete
WP_277129528.1,NZ_CP113945.1,984478,984840,-,363,100.0,99.97756602726065,99.98429621908245,complete
infB,NZ_CP113945.1,984862,987516,-,2655,100.0,99.97756602726065,99.98429621908245,complete
WP_277140481.1,NZ_CP113945.1,984862,987516,-,2655,100.0,99.97756602726065,99.98429621908245,complete
OZX58_RS04775,NZ_CP113945.1,987521,987832,-,312,100.0,99.97756602726066,99.98429621908247,complete
WP_277129526.1,NZ_CP113945.1,987521,987832,-,312,100.0,99.97756602726066,99.98429621908247,complete
OZX58_RS04780,NZ_CP113945.1,987835,988131,-,297,100.0,99.97756602726066,99.98429621908247,complete
WP_277129525.1,NZ_CP113945.1,987835,988131,-,297,100.0,99.97756602726066,99.98429621908247,complete
nusA,NZ_CP113945.1,988150,989388,-,1239,100.0,99.97756602726068,99.98429621908247,complete
WP_277140482.1,NZ_CP113945.1,988150,989388,-,1239,100.0,99.97756602726068,99.98429621908247,complete
rimP,NZ_CP113945.1,989406,989879,-,474,100.0,99.97756602726069,99.98429621908248,complete
WP_277140483.1,NZ_CP113945.1,989406,989879,-,474,100.0,99.97756602726069,99.98429621908248,complete
OZX58_RS04795,NZ_CP113945.1,990031,990426,-,396,100.0,99.97756602726068,99.98429621908247,complete
WP_277140484.1,NZ_CP113945.1,990031,990426,-,396,100.0,99.97756602726068,99.98429621908247,complete
OZX58_RS04800,NZ_CP113945.1,990495,994802,-,4308,100.0,99.97756602726066,99.98429621908247,complete
WP_277140485.1,NZ_CP113945.1,990495,994802,-,4308,100.0,99.97756602726066,99.98429621908247,complete
OZX58_RS04805,NZ_CP113945.1,994809,996509,-,1701,100.0,99.97756602726068,99.98429621908247,complete
WP_277140486.1,NZ_CP113945.1,994809,996509,-,1701,100.0,99.97756602726068,99.98429621908247,complete
rseP,NZ_CP113945.1,996540,997796,-,1257,100.0,99.97756602726066,99.98429621908247,complete
WP_277140487.1,NZ_CP113945.1,996540,997796,-,1257,100.0,99.97756602726066,99.98429621908247,complete
OZX58_RS04815,NZ_CP113945.1,997807,998604,-,798,100.0,99.97756602726066,99.98429621908247,complete
WP_277140488.1,NZ_CP113945.1,997807,998604,-,798,100.0,99.97756602726066,99.98429621908247,complete
OZX58_RS04820,NZ_CP113945.1,998614,999345,-,732,100.0,99.97756602726066,99.98429621908247,complete
WP_277140489.1,NZ_CP113945.1,998614,999345,-,732,100.0,99.97756602726066,99.98429621908247,complete
frr,NZ_CP113945.1,999354,999911,-,558,100.0,99.97756602726066,99.98429621908247,complete
WP_277129515.1,NZ_CP113945.1,999354,999911,-,558,100.0,99.97756602726066,99.98429621908247,complete
pyrH,NZ_CP113945.1,999911,1000636,-,726,100.0,99.97756602726065,99.98429621908245,complete
WP_277140490.1,NZ_CP113945.1,999911,1000636,-,726,100.0,99.97756602726065,99.98429621908245,complete
tsf,NZ_CP113945.1,1000768,1001643,-,876,100.0,99.97756602726068,99.98429621908247,complete
WP_277129513.1,NZ_CP113945.1,1000768,1001643,-,876,100.0,99.97756602726068,99.98429621908247,complete
rpsB,NZ_CP113945.1,1001675,1002463,-,789,100.0,99.97756602726066,99.98429621908247,complete
WP_277129512.1,NZ_CP113945.1,1001675,1002463,-,789,100.0,99.97756602726066,99.98429621908247,complete
OZX58_RS04845,NZ_CP113945.1,1002622,1003653,-,1032,100.0,99.97756602726068,99.98429621908247,complete
WP_277140491.1,NZ_CP113945.1,1002622,1003653,-,1032,100.0,99.97756602726068,99.98429621908247,complete
OZX58_RS04850,NZ_CP113945.1,1003716,1004330,+,615,100.0,99.97756602726066,99.98429621908247,complete
WP_277140492.1,NZ_CP113945.1,1003716,1004330,+,615,100.0,99.97756602726066,99.98429621908247,complete
OZX58_RS04855,NZ_CP113945.1,1004414,1005592,+,1179,100.0,99.97756602726065,99.98429621908245,complete
WP_277140493.1,NZ_CP113945.1,1004414,1005592,+,1179,100.0,99.97756602726065,99.98429621908245,complete
OZX58_RS04860,NZ_CP113945.1,1005643,1007043,-,1401,100.0,99.97756602726066,99.98429621908247,complete
WP_277140494.1,NZ_CP113945.1,1005643,1007043,-,1401,100.0,99.97756602726066,99.98429621908247,complete
OZX58_RS04865,NZ_CP113945.1,1007177,1008958,-,1782,100.0,99.97756602726069,99.98429621908248,complete
WP_277141755.1,NZ_CP113945.1,1007177,1008958,-,1782,100.0,99.97756602726069,99.98429621908248,complete
OZX58_RS04870,NZ_CP113945.1,1008960,1010714,-,1755,100.0,99.97756602726068,99.98429621908247,complete
WP_277140495.1,NZ_CP113945.1,1008960,1010714,-,1755,100.0,99.97756602726068,99.98429621908247,complete
OZX58_RS04875,NZ_CP113945.1,1010791,1011009,-,219,100.0,99.97756602726068,99.98429621908247,complete
WP_277129506.1,NZ_CP113945.1,1010791,1011009,-,219,100.0,99.97756602726068,99.98429621908247,complete
OZX58_RS04880,NZ_CP113945.1,1011080,1011328,-,249,100.0,99.97756602726068,99.98429621908247,complete
WP_277140496.1,NZ_CP113945.1,1011080,1011328,-,249,100.0,99.97756602726068,99.98429621908247,complete
lexA,NZ_CP113945.1,1011473,1012096,+,624,100.0,99.97756602726066,99.98429621908247,complete
WP_277140497.1,NZ_CP113945.1,1011473,1012096,+,624,100.0,99.97756602726066,99.98429621908247,complete
OZX58_RS04890,NZ_CP113945.1,1012120,1012770,-,651,100.0,99.97756602726066,99.98429621908247,complete
WP_277140498.1,NZ_CP113945.1,1012120,1012770,-,651,100.0,99.97756602726066,99.98429621908247,complete
OZX58_RS04895,NZ_CP113945.1,1012955,1013719,-,765,100.0,99.97756602726066,99.98429621908247,complete
WP_277140499.1,NZ_CP113945.1,1012955,1013719,-,765,100.0,99.97756602726066,99.98429621908247,complete
rplS,NZ_CP113945.1,1013824,1014171,-,348,100.0,99.97756602726066,99.98429621908247,complete
WP_277133631.1,NZ_CP113945.1,1013824,1014171,-,348,100.0,99.97756602726066,99.98429621908247,complete
trmD,NZ_CP113945.1,1014295,1015011,-,717,100.0,99.97756602726066,99.98429621908247,complete
WP_277129500.1,NZ_CP113945.1,1014295,1015011,-,717,100.0,99.97756602726066,99.98429621908247,complete
rimM,NZ_CP113945.1,1015001,1015516,-,516,100.0,99.97756602726068,99.98429621908247,complete
WP_277140500.1,NZ_CP113945.1,1015001,1015516,-,516,100.0,99.97756602726068,99.98429621908247,complete
rpsP,NZ_CP113945.1,1015589,1015861,-,273,100.0,99.97756602726065,99.98429621908245,complete
WP_277129498.1,NZ_CP113945.1,1015589,1015861,-,273,100.0,99.97756602726065,99.98429621908245,complete
ffh,NZ_CP113945.1,1015945,1017372,-,1428,100.0,99.97756602726068,99.98429621908247,complete
WP_277140501.1,NZ_CP113945.1,1015945,1017372,-,1428,100.0,99.97756602726068,99.98429621908247,complete
ylxM,NZ_CP113945.1,1017377,1017718,-,342,100.0,99.97756602726066,99.98429621908247,complete
WP_277140502.1,NZ_CP113945.1,1017377,1017718,-,342,100.0,99.97756602726066,99.98429621908247,complete
OZX58_RS04930,NZ_CP113945.1,1017920,1019347,+,1428,100.0,99.97756602726068,99.98429621908247,complete
WP_277140503.1,NZ_CP113945.1,1017920,1019347,+,1428,100.0,99.97756602726068,99.98429621908247,complete
OZX58_RS04935,NZ_CP113945.1,1019483,1020907,+,1425,100.0,99.97756602726068,99.98429621908247,complete
WP_277140504.1,NZ_CP113945.1,1019483,1020907,+,1425,100.0,99.97756602726068,99.98429621908247,complete
OZX58_RS04940,NZ_CP113945.1,1020956,1022380,-,1425,100.0,99.97756602726068,99.98429621908247,complete
WP_277140505.1,NZ_CP113945.1,1020956,1022380,-,1425,100.0,99.97756602726068,99.98429621908247,complete
ftsY,NZ_CP113945.1,1022405,1023859,-,1455,100.0,99.97756602726065,99.98429621908245,complete
WP_277140506.1,NZ_CP113945.1,1022405,1023859,-,1455,100.0,99.97756602726065,99.98429621908245,complete
smc,NZ_CP113945.1,1023862,1027425,-,3564,100.0,99.97756602726069,99.98429621908248,complete
WP_277140507.1,NZ_CP113945.1,1023862,1027425,-,3564,100.0,99.97756602726069,99.98429621908248,complete
rnc,NZ_CP113945.1,1027436,1028122,-,687,100.0,99.97756602726064,99.98429621908244,complete
WP_277129490.1,NZ_CP113945.1,1027436,1028122,-,687,100.0,99.97756602726064,99.98429621908244,complete
OZX58_RS04960,NZ_CP113945.1,1028286,1030055,-,1770,100.0,99.97756602726068,99.98429621908247,complete
WP_277140508.1,NZ_CP113945.1,1028286,1030055,-,1770,100.0,99.97756602726068,99.98429621908247,complete
OZX58_RS04965,NZ_CP113945.1,1030232,1032001,-,1770,100.0,99.97756602726068,99.98429621908247,complete
WP_277140509.1,NZ_CP113945.1,1030232,1032001,-,1770,100.0,99.97756602726068,99.98429621908247,complete
OZX58_RS04970,NZ_CP113945.1,1032181,1033947,-,1767,100.0,99.97756602726068,99.98429621908247,complete
WP_277140510.1,NZ_CP113945.1,1032181,1033947,-,1767,100.0,99.97756602726068,99.98429621908247,complete
OZX58_RS04975,NZ_CP113945.1,1034132,1035904,-,1773,100.0,99.97756602726068,99.98429621908247,complete
WP_277140511.1,NZ_CP113945.1,1034132,1035904,-,1773,100.0,99.97756602726068,99.98429621908247,complete
OZX58_RS04980,NZ_CP113945.1,1036102,1037010,-,909,100.0,99.97756602726068,99.98429621908247,complete
WP_277129486.1,NZ_CP113945.1,1036102,1037010,-,909,100.0,99.97756602726068,99.98429621908247,complete
opp4B,NZ_CP113945.1,1037026,1037985,-,960,100.0,99.97756602726069,99.98429621908248,complete
WP_277129485.1,NZ_CP113945.1,1037026,1037985,-,960,100.0,99.97756602726069,99.98429621908248,complete
OZX58_RS04990,NZ_CP113945.1,1037988,1038953,-,966,100.0,99.97756602726068,99.98429621908247,complete
WP_277129484.1,NZ_CP113945.1,1037988,1038953,-,966,100.0,99.97756602726068,99.98429621908247,complete
OZX58_RS04995,NZ_CP113945.1,1038957,1039976,-,1020,100.0,99.97756602726069,99.98429621908248,complete
WP_277129483.1,NZ_CP113945.1,1038957,1039976,-,1020,100.0,99.97756602726069,99.98429621908248,complete
acpP,NZ_CP113945.1,1040096,1040338,-,243,100.0,99.97756602726069,99.98429621908248,complete
WP_277129482.1,NZ_CP113945.1,1040096,1040338,-,243,100.0,99.97756602726069,99.98429621908248,complete
plsX,NZ_CP113945.1,1040379,1041377,-,999,100.0,99.97756602726068,99.98429621908247,complete
WP_277140512.1,NZ_CP113945.1,1040379,1041377,-,999,100.0,99.97756602726068,99.98429621908247,complete
recG,NZ_CP113945.1,1041397,1043433,-,2037,100.0,99.97756602726069,99.98429621908248,complete
WP_277140513.1,NZ_CP113945.1,1041397,1043433,-,2037,100.0,99.97756602726069,99.98429621908248,complete
OZX58_RS05015,NZ_CP113945.1,1043437,1045095,-,1659,100.0,99.97756602726066,99.98429621908247,complete
WP_277140514.1,NZ_CP113945.1,1043437,1045095,-,1659,100.0,99.97756602726066,99.98429621908247,complete
OZX58_RS05020,NZ_CP113945.1,1045117,1045479,-,363,100.0,99.97756602726065,99.98429621908245,complete
WP_277129478.1,NZ_CP113945.1,1045117,1045479,-,363,100.0,99.97756602726065,99.98429621908245,complete
rpmB,NZ_CP113945.1,1045644,1045829,+,186,100.0,99.97756602726066,99.98429621908247,complete
WP_277129477.1,NZ_CP113945.1,1045644,1045829,+,186,100.0,99.97756602726066,99.98429621908247,complete
OZX58_RS05030,NZ_CP113945.1,1045926,1046612,-,687,100.0,99.97756602726064,99.98429621908244,complete
WP_277140515.1,NZ_CP113945.1,1045926,1046612,-,687,100.0,99.97756602726064,99.98429621908244,complete
rpe,NZ_CP113945.1,1046609,1047259,-,651,100.0,99.97756602726066,99.98429621908247,complete
WP_277140516.1,NZ_CP113945.1,1046609,1047259,-,651,100.0,99.97756602726066,99.98429621908247,complete
rsgA,NZ_CP113945.1,1047269,1048162,-,894,100.0,99.97756602726068,99.98429621908247,complete
WP_277140517.1,NZ_CP113945.1,1047269,1048162,-,894,100.0,99.97756602726068,99.98429621908247,complete
pknB,NZ_CP113945.1,1048163,1050118,-,1956,100.0,99.97756602726069,99.98429621908248,complete
WP_277140518.1,NZ_CP113945.1,1048163,1050118,-,1956,100.0,99.97756602726069,99.98429621908248,complete
OZX58_RS05050,NZ_CP113945.1,1050115,1050864,-,750,100.0,99.97756602726065,99.98429621908245,complete
WP_277140519.1,NZ_CP113945.1,1050115,1050864,-,750,100.0,99.97756602726065,99.98429621908245,complete
rsmB,NZ_CP113945.1,1050869,1052194,-,1326,100.0,99.97756602726064,99.98429621908244,complete
WP_277140520.1,NZ_CP113945.1,1050869,1052194,-,1326,100.0,99.97756602726064,99.98429621908244,complete
fmt,NZ_CP113945.1,1052181,1053125,-,945,100.0,99.97756602726069,99.98429621908248,complete
WP_277140521.1,NZ_CP113945.1,1052181,1053125,-,945,100.0,99.97756602726069,99.98429621908248,complete
priA,NZ_CP113945.1,1053138,1055534,-,2397,100.0,99.97756602726066,99.98429621908247,complete
WP_277140522.1,NZ_CP113945.1,1053138,1055534,-,2397,100.0,99.97756602726066,99.98429621908247,complete
rpoZ,NZ_CP113945.1,1055598,1055816,-,219,100.0,99.97756602726068,99.98429621908247,complete
WP_277129468.1,NZ_CP113945.1,1055598,1055816,-,219,100.0,99.97756602726068,99.98429621908247,complete
gmk,NZ_CP113945.1,1055820,1056434,-,615,100.0,99.97756602726066,99.98429621908247,complete
WP_277129467.1,NZ_CP113945.1,1055820,1056434,-,615,100.0,99.97756602726066,99.98429621908247,complete
OZX58_RS05080,NZ_CP113945.1,1056603,1056878,+,276,100.0,99.97756602726066,99.98429621908247,complete
WP_277129466.1,NZ_CP113945.1,1056603,1056878,+,276,100.0,99.97756602726066,99.98429621908247,complete
OZX58_RS05085,NZ_CP113945.1,1056929,1057366,-,438,100.0,99.97756602726068,99.98429621908247,complete
WP_277140523.1,NZ_CP113945.1,1056929,1057366,-,438,100.0,99.97756602726068,99.98429621908247,complete
OZX58_RS05090,NZ_CP113945.1,1057363,1058217,-,855,100.0,99.97756602726066,99.98429621908247,complete
WP_277140524.1,NZ_CP113945.1,1057363,1058217,-,855,100.0,99.97756602726066,99.98429621908247,complete
recN,NZ_CP113945.1,1058214,1059899,-,1686,100.0,99.97756602726068,99.98429621908247,complete
WP_277140525.1,NZ_CP113945.1,1058214,1059899,-,1686,100.0,99.97756602726068,99.98429621908247,complete
OZX58_RS05100,NZ_CP113945.1,1059909,1060721,-,813,100.0,99.97756602726066,99.98429621908247,complete
WP_277140526.1,NZ_CP113945.1,1059909,1060721,-,813,100.0,99.97756602726066,99.98429621908247,complete
OZX58_RS05105,NZ_CP113945.1,1060722,1061588,-,867,100.0,99.97756602726068,99.98429621908247,complete
WP_277140527.1,NZ_CP113945.1,1060722,1061588,-,867,100.0,99.97756602726068,99.98429621908247,complete
OZX58_RS05110,NZ_CP113945.1,1061590,1061832,-,243,100.0,99.97756602726069,99.98429621908248,complete
WP_277129460.1,NZ_CP113945.1,1061590,1061832,-,243,100.0,99.97756602726069,99.98429621908248,complete
xseA,NZ_CP113945.1,1061813,1063180,-,1368,100.0,99.97756602726066,99.98429621908247,complete
WP_277140528.1,NZ_CP113945.1,1061813,1063180,-,1368,100.0,99.97756602726066,99.98429621908247,complete
OZX58_RS05120,NZ_CP113945.1,1063170,1064018,-,849,100.0,99.97756602726069,99.98429621908248,complete
WP_277140529.1,NZ_CP113945.1,1063170,1064018,-,849,100.0,99.97756602726069,99.98429621908248,complete
nusB,NZ_CP113945.1,1064069,1064467,-,399,100.0,99.97756602726066,99.98429621908247,complete
WP_277129457.1,NZ_CP113945.1,1064069,1064467,-,399,100.0,99.97756602726066,99.98429621908247,complete
OZX58_RS05130,NZ_CP113945.1,1064445,1064903,-,459,100.0,99.97756602726068,99.98429621908247,complete
WP_277129456.1,NZ_CP113945.1,1064445,1064903,-,459,100.0,99.97756602726068,99.98429621908247,complete
efp,NZ_CP113945.1,1064923,1065492,-,570,100.0,99.97756602726066,99.98429621908247,complete
WP_277129455.1,NZ_CP113945.1,1064923,1065492,-,570,100.0,99.97756602726066,99.98429621908247,complete
OZX58_RS05140,NZ_CP113945.1,1065563,1066672,-,1110,100.0,99.97756602726066,99.98429621908247,complete
WP_277140530.1,NZ_CP113945.1,1065563,1066672,-,1110,100.0,99.97756602726066,99.98429621908247,complete
rpmA,NZ_CP113945.1,1066823,1067116,-,294,100.0,99.97756602726066,99.98429621908247,complete
WP_277129453.1,NZ_CP113945.1,1066823,1067116,-,294,100.0,99.97756602726066,99.98429621908247,complete
rplU,NZ_CP113945.1,1067134,1067445,-,312,100.0,99.97756602726066,99.98429621908247,complete
WP_277129452.1,NZ_CP113945.1,1067134,1067445,-,312,100.0,99.97756602726066,99.98429621908247,complete
OZX58_RS05155,NZ_CP113945.1,1067635,1068474,-,840,100.0,99.97756602726068,99.98429621908247,complete
WP_277140531.1,NZ_CP113945.1,1067635,1068474,-,840,100.0,99.97756602726068,99.98429621908247,complete
OZX58_RS05160,NZ_CP113945.1,1068622,1069443,+,822,100.0,99.97756602726066,99.98429621908247,complete
WP_277140532.1,NZ_CP113945.1,1068622,1069443,+,822,100.0,99.97756602726066,99.98429621908247,complete
OZX58_RS05165,NZ_CP113945.1,1069514,1070833,-,1320,100.0,99.97756602726065,99.98429621908245,complete
WP_277140533.1,NZ_CP113945.1,1069514,1070833,-,1320,100.0,99.97756602726065,99.98429621908245,complete
OZX58_RS05170,NZ_CP113945.1,1070924,1072705,-,1782,100.0,99.97756602726069,99.98429621908248,complete
WP_277140534.1,NZ_CP113945.1,1070924,1072705,-,1782,100.0,99.97756602726069,99.98429621908248,complete
OZX58_RS05175,NZ_CP113945.1,1072807,1086729,-,13923,100.0,99.97756602726066,99.98429621908247,complete
WP_277140535.1,NZ_CP113945.1,1072807,1086729,-,13923,100.0,99.97756602726066,99.98429621908247,complete
OZX58_RS05180,NZ_CP113945.1,1087228,1087301,+,74,100.0,99.97756602726066,99.98429621908247,complete
OZX58_RS05185,NZ_CP113945.1,1087825,1088460,+,636,100.0,99.97756602726066,99.98429621908247,complete
WP_277140536.1,NZ_CP113945.1,1087825,1088460,+,636,100.0,99.97756602726066,99.98429621908247,complete
OZX58_RS05190,NZ_CP113945.1,1088499,1089857,-,1359,100.0,99.97756602726064,99.98429621908244,complete
WP_277140537.1,NZ_CP113945.1,1088499,1089857,-,1359,100.0,99.97756602726064,99.98429621908244,complete
OZX58_RS05195,NZ_CP113945.1,1090278,1091315,+,1038,100.0,99.97756602726069,99.98429621908248,complete
WP_277140538.1,NZ_CP113945.1,1090278,1091315,+,1038,100.0,99.97756602726069,99.98429621908248,complete
OZX58_RS05200,NZ_CP113945.1,1091360,1091980,-,621,100.0,99.97756602726066,99.98429621908247,complete
WP_277140539.1,NZ_CP113945.1,1091360,1091980,-,621,100.0,99.97756602726066,99.98429621908247,complete
mdcD,NZ_CP113945.1,1091971,1093644,-,1674,100.0,99.97756602726068,99.98429621908247,complete
WP_277140540.1,NZ_CP113945.1,1091971,1093644,-,1674,100.0,99.97756602726068,99.98429621908247,complete
OZX58_RS05210,NZ_CP113945.1,1093634,1093933,-,300,100.0,99.97756602726066,99.98429621908247,complete
WP_277140541.1,NZ_CP113945.1,1093634,1093933,-,300,100.0,99.97756602726066,99.98429621908247,complete
mdcA,NZ_CP113945.1,1093958,1095601,-,1644,100.0,99.97756602726066,99.98429621908247,complete
WP_277140542.1,NZ_CP113945.1,1093958,1095601,-,1644,100.0,99.97756602726066,99.98429621908247,complete
OZX58_RS05220,NZ_CP113945.1,1095607,1096515,-,909,100.0,99.97756602726068,99.98429621908247,complete
WP_277140543.1,NZ_CP113945.1,1095607,1096515,-,909,100.0,99.97756602726068,99.98429621908247,complete
OZX58_RS05225,NZ_CP113945.1,1096777,1098543,+,1767,100.0,99.97756602726068,99.98429621908247,complete
WP_277140544.1,NZ_CP113945.1,1096777,1098543,+,1767,100.0,99.97756602726068,99.98429621908247,complete
OZX58_RS05230,NZ_CP113945.1,1098614,1099576,-,963,100.0,99.97756602726069,99.98429621908248,complete
WP_277140545.1,NZ_CP113945.1,1098614,1099576,-,963,100.0,99.97756602726069,99.98429621908248,complete
OZX58_RS05235,NZ_CP113945.1,1100484,1101554,+,1071,100.0,99.97756602726068,99.98429621908247,complete
WP_277140546.1,NZ_CP113945.1,1100484,1101554,+,1071,100.0,99.97756602726068,99.98429621908247,complete
OZX58_RS05240,NZ_CP113945.1,1101921,1102841,-,921,100.0,99.97756602726069,99.98429621908248,complete
WP_277140547.1,NZ_CP113945.1,1101921,1102841,-,921,100.0,99.97756602726069,99.98429621908248,complete
OZX58_RS05245,NZ_CP113945.1,1102986,1103243,+,258,100.0,99.97756602726068,99.98429621908247,complete
WP_277140548.1,NZ_CP113945.1,1102986,1103243,+,258,100.0,99.97756602726068,99.98429621908247,complete
OZX58_RS05250,NZ_CP113945.1,1103247,1103519,+,273,100.0,99.97756602726065,99.98429621908245,complete
WP_277140549.1,NZ_CP113945.1,1103247,1103519,+,273,100.0,99.97756602726065,99.98429621908245,complete
OZX58_RS05255,NZ_CP113945.1,1103582,1104790,-,1209,100.0,99.97756602726066,99.98429621908247,complete
WP_277140550.1,NZ_CP113945.1,1103582,1104790,-,1209,100.0,99.97756602726066,99.98429621908247,complete
OZX58_RS05260,NZ_CP113945.1,1104783,1106438,-,1656,100.0,99.97756602726068,99.98429621908247,complete
WP_277140551.1,NZ_CP113945.1,1104783,1106438,-,1656,100.0,99.97756602726068,99.98429621908247,complete
OZX58_RS05265,NZ_CP113945.1,1106450,1109533,-,3084,100.0,99.97756602726068,99.98429621908247,complete
WP_277140552.1,NZ_CP113945.1,1106450,1109533,-,3084,100.0,99.97756602726068,99.98429621908247,complete
OZX58_RS05270,NZ_CP113945.1,1109523,1110116,-,594,100.0,99.97756602726066,99.98429621908247,complete
WP_277140553.1,NZ_CP113945.1,1109523,1110116,-,594,100.0,99.97756602726066,99.98429621908247,complete
OZX58_RS05275,NZ_CP113945.1,1110271,1110627,+,357,100.0,99.97756602726068,99.98429621908247,complete
WP_277140554.1,NZ_CP113945.1,1110271,1110627,+,357,100.0,99.97756602726068,99.98429621908247,complete
OZX58_RS05280,NZ_CP113945.1,1110713,1113112,+,2400,100.0,99.97756602726066,99.98429621908247,complete
WP_277140555.1,NZ_CP113945.1,1110713,1113112,+,2400,100.0,99.97756602726066,99.98429621908247,complete
treC,NZ_CP113945.1,1113158,1114825,-,1668,100.0,99.97756602726068,99.98429621908247,complete
WP_277140556.1,NZ_CP113945.1,1113158,1114825,-,1668,100.0,99.97756602726068,99.98429621908247,complete
treR,NZ_CP113945.1,1114837,1115562,-,726,100.0,99.97756602726065,99.98429621908245,complete
WP_277141757.1,NZ_CP113945.1,1114837,1115562,-,726,100.0,99.97756602726065,99.98429621908245,complete
OZX58_RS05295,NZ_CP113945.1,1115755,1117686,+,1932,100.0,99.97756602726068,99.98429621908247,complete
WP_277140557.1,NZ_CP113945.1,1115755,1117686,+,1932,100.0,99.97756602726068,99.98429621908247,complete
carB,NZ_CP113945.1,1117766,1120948,-,3183,100.0,99.97756602726065,99.98429621908245,complete
WP_277140558.1,NZ_CP113945.1,1117766,1120948,-,3183,100.0,99.97756602726065,99.98429621908245,complete
OZX58_RS05305,NZ_CP113945.1,1120941,1122026,-,1086,100.0,99.97756602726066,99.98429621908247,complete
WP_277140559.1,NZ_CP113945.1,1120941,1122026,-,1086,100.0,99.97756602726066,99.98429621908247,complete
OZX58_RS05310,NZ_CP113945.1,1122029,1123300,-,1272,100.0,99.97756602726068,99.98429621908247,complete
WP_277140560.1,NZ_CP113945.1,1122029,1123300,-,1272,100.0,99.97756602726068,99.98429621908247,complete
OZX58_RS05315,NZ_CP113945.1,1123300,1124256,-,957,100.0,99.97756602726068,99.98429621908247,complete
WP_277140561.1,NZ_CP113945.1,1123300,1124256,-,957,100.0,99.97756602726068,99.98429621908247,complete
pyrR,NZ_CP113945.1,1124425,1124970,-,546,100.0,99.97756602726065,99.98429621908245,complete
WP_277129419.1,NZ_CP113945.1,1124425,1124970,-,546,100.0,99.97756602726065,99.98429621908245,complete
OZX58_RS05325,NZ_CP113945.1,1125118,1126041,-,924,100.0,99.97756602726068,99.98429621908247,complete
WP_277140562.1,NZ_CP113945.1,1125118,1126041,-,924,100.0,99.97756602726068,99.98429621908247,complete
OZX58_RS05330,NZ_CP113945.1,1126132,1126989,-,858,100.0,99.97756602726069,99.98429621908248,complete
WP_277140563.1,NZ_CP113945.1,1126132,1126989,-,858,100.0,99.97756602726069,99.98429621908248,complete
pyrF,NZ_CP113945.1,1127238,1127945,+,708,100.0,99.97756602726066,99.98429621908247,complete
WP_277140564.1,NZ_CP113945.1,1127238,1127945,+,708,100.0,99.97756602726066,99.98429621908247,complete
pyrE,NZ_CP113945.1,1127947,1128588,+,642,100.0,99.97756602726066,99.98429621908247,complete
WP_277140565.1,NZ_CP113945.1,1127947,1128588,+,642,100.0,99.97756602726066,99.98429621908247,complete
yjeM,NZ_CP113945.1,1128647,1130143,-,1497,100.0,99.97756602726066,99.98429621908247,complete
WP_277140566.1,NZ_CP113945.1,1128647,1130143,-,1497,100.0,99.97756602726066,99.98429621908247,complete
OZX58_RS05350,NZ_CP113945.1,1130275,1131453,-,1179,100.0,99.97756602726065,99.98429621908245,complete
WP_277140567.1,NZ_CP113945.1,1130275,1131453,-,1179,100.0,99.97756602726065,99.98429621908245,complete
glnA,NZ_CP113945.1,1131599,1132936,-,1338,100.0,99.97756602726065,99.98429621908245,complete
WP_277140568.1,NZ_CP113945.1,1131599,1132936,-,1338,100.0,99.97756602726065,99.98429621908245,complete
OZX58_RS05360,NZ_CP113945.1,1133092,1134345,-,1254,100.0,99.97756602726066,99.98429621908247,complete
WP_277140569.1,NZ_CP113945.1,1133092,1134345,-,1254,100.0,99.97756602726066,99.98429621908247,complete
miaA,NZ_CP113945.1,1134338,1135258,-,921,100.0,99.97756602726069,99.98429621908248,complete
WP_277140570.1,NZ_CP113945.1,1134338,1135258,-,921,100.0,99.97756602726069,99.98429621908248,complete
OZX58_RS05370,NZ_CP113945.1,1135329,1135733,-,405,100.0,99.97756602726068,99.98429621908247,complete
WP_277129409.1,NZ_CP113945.1,1135329,1135733,-,405,100.0,99.97756602726068,99.98429621908247,complete
OZX58_RS05375,NZ_CP113945.1,1135789,1136007,-,219,100.0,99.97756602726068,99.98429621908247,complete
WP_277129408.1,NZ_CP113945.1,1135789,1136007,-,219,100.0,99.97756602726068,99.98429621908247,complete
OZX58_RS05380,NZ_CP113945.1,1136007,1136684,-,678,100.0,99.97756602726065,99.98429621908245,complete
WP_277140571.1,NZ_CP113945.1,1136007,1136684,-,678,100.0,99.97756602726065,99.98429621908245,complete
OZX58_RS05385,NZ_CP113945.1,1136700,1137266,-,567,100.0,99.97756602726066,99.98429621908247,complete
WP_277129406.1,NZ_CP113945.1,1136700,1137266,-,567,100.0,99.97756602726066,99.98429621908247,complete
rpmG,NZ_CP113945.1,1137324,1137473,-,150,100.0,99.97756602726066,99.98429621908247,complete
WP_172999151.1,NZ_CP113945.1,1137324,1137473,-,150,100.0,99.97756602726066,99.98429621908247,complete
OZX58_RS05395,NZ_CP113945.1,1137558,1139651,-,2094,100.0,99.97756602726068,99.98429621908247,complete
WP_277140572.1,NZ_CP113945.1,1137558,1139651,-,2094,100.0,99.97756602726068,99.98429621908247,complete
OZX58_RS05400,NZ_CP113945.1,1139856,1140767,+,912,100.0,99.97756602726068,99.98429621908247,complete
WP_277140573.1,NZ_CP113945.1,1139856,1140767,+,912,100.0,99.97756602726068,99.98429621908247,complete
greA,NZ_CP113945.1,1140819,1141295,-,477,100.0,99.97756602726069,99.98429621908248,complete
WP_277129403.1,NZ_CP113945.1,1140819,1141295,-,477,100.0,99.97756602726069,99.98429621908248,complete
pheT,NZ_CP113945.1,1141369,1143786,-,2418,100.0,99.97756602726066,99.98429621908247,complete
WP_277140574.1,NZ_CP113945.1,1141369,1143786,-,2418,100.0,99.97756602726066,99.98429621908247,complete
pheS,NZ_CP113945.1,1143786,1144835,-,1050,100.0,99.97756602726068,99.98429621908247,complete
WP_277129401.1,NZ_CP113945.1,1143786,1144835,-,1050,100.0,99.97756602726068,99.98429621908247,complete
OZX58_RS05420,NZ_CP113945.1,1145126,1145476,-,351,100.0,99.97756602726065,99.98429621908245,complete
WP_277129400.1,NZ_CP113945.1,1145126,1145476,-,351,100.0,99.97756602726065,99.98429621908245,complete
OZX58_RS05425,NZ_CP113945.1,1145562,1146329,-,768,100.0,99.97756602726066,99.98429621908247,complete
WP_277140575.1,NZ_CP113945.1,1145562,1146329,-,768,100.0,99.97756602726066,99.98429621908247,complete
OZX58_RS05430,NZ_CP113945.1,1146423,1146755,+,333,100.0,99.97756602726066,99.98429621908247,complete
WP_277140576.1,NZ_CP113945.1,1146423,1146755,+,333,100.0,99.97756602726066,99.98429621908247,complete
yidC,NZ_CP113945.1,1146788,1147753,+,966,100.0,99.97756602726068,99.98429621908247,complete
WP_277140577.1,NZ_CP113945.1,1146788,1147753,+,966,100.0,99.97756602726068,99.98429621908247,complete
OZX58_RS05440,NZ_CP113945.1,1148042,1154347,-,6306,99.41325721535046,99.98327024684058,99.81226633739354,complete
WP_277140578.1,NZ_CP113945.1,1148042,1154347,-,6306,99.41325721535046,99.98327024684058,99.81226633739354,complete
OZX58_RS05445,NZ_CP113945.1,1154875,1156437,-,1563,100.0,100.0,100.0,complete
WP_277140579.1,NZ_CP113945.1,1154875,1156437,-,1563,100.0,100.0,100.0,complete
OZX58_RS05450,NZ_CP113945.1,1156415,1157128,-,714,100.0,100.0,100.0,complete
WP_277131508.1,NZ_CP113945.1,1156415,1157128,-,714,100.0,100.0,100.0,complete
OZX58_RS05455,NZ_CP113945.1,1157283,1157843,-,561,100.0,100.0,100.0,complete
WP_277140580.1,NZ_CP113945.1,1157283,1157843,-,561,100.0,100.0,100.0,complete
OZX58_RS05460,NZ_CP113945.1,1157846,1159000,-,1155,100.0,100.0,100.0,complete
WP_277140581.1,NZ_CP113945.1,1157846,1159000,-,1155,100.0,100.0,100.0,complete
rsfS,NZ_CP113945.1,1159007,1159354,-,348,100.0,100.0,100.0,complete
WP_277140582.1,NZ_CP113945.1,1159007,1159354,-,348,100.0,100.0,100.0,complete
yqeK,NZ_CP113945.1,1159365,1159964,-,600,100.0,100.0,100.0,complete
WP_277140583.1,NZ_CP113945.1,1159365,1159964,-,600,100.0,100.0,100.0,complete
OZX58_RS05475,NZ_CP113945.1,1159957,1160595,-,639,100.0,100.0,100.0,complete
WP_277140584.1,NZ_CP113945.1,1159957,1160595,-,639,100.0,100.0,100.0,complete
yqeH,NZ_CP113945.1,1160605,1161717,-,1113,100.0,100.0,100.0,complete
WP_277140585.1,NZ_CP113945.1,1160605,1161717,-,1113,100.0,100.0,100.0,complete
OZX58_RS05485,NZ_CP113945.1,1161710,1162234,-,525,100.0,100.0,100.0,complete
WP_277140586.1,NZ_CP113945.1,1161710,1162234,-,525,100.0,100.0,100.0,complete
rplT,NZ_CP113945.1,1162340,1162696,-,357,100.0,100.0,100.0,complete
WP_277131488.1,NZ_CP113945.1,1162340,1162696,-,357,100.0,100.0,100.0,complete
rpmI,NZ_CP113945.1,1162741,1162941,-,201,100.0,100.0,100.0,complete
WP_122018520.1,NZ_CP113945.1,1162741,1162941,-,201,100.0,100.0,100.0,complete
infC,NZ_CP113945.1,1162970,1163494,-,525,100.0,100.0,100.0,complete
WP_277131516.1,NZ_CP113945.1,1162970,1163494,-,525,100.0,100.0,100.0,complete
OZX58_RS05505,NZ_CP113945.1,1163760,1164413,-,654,100.0,100.0,100.0,complete
WP_277140587.1,NZ_CP113945.1,1163760,1164413,-,654,100.0,100.0,100.0,complete
OZX58_RS05510,NZ_CP113945.1,1164428,1165066,-,639,100.0,100.0,100.0,complete
WP_277140588.1,NZ_CP113945.1,1164428,1165066,-,639,100.0,100.0,100.0,complete
OZX58_RS05515,NZ_CP113945.1,1165063,1165878,-,816,100.0,100.0,100.0,complete
WP_277140589.1,NZ_CP113945.1,1165063,1165878,-,816,100.0,100.0,100.0,complete
OZX58_RS05520,NZ_CP113945.1,1165891,1166628,-,738,100.0,100.0,100.0,complete
WP_277131478.1,NZ_CP113945.1,1165891,1166628,-,738,100.0,100.0,100.0,complete
thrS,NZ_CP113945.1,1166811,1168742,-,1932,100.0,100.0,100.0,complete
WP_277140590.1,NZ_CP113945.1,1166811,1168742,-,1932,100.0,100.0,100.0,complete
dnaI,NZ_CP113945.1,1169038,1169937,-,900,100.0,100.0,100.0,complete
WP_277140591.1,NZ_CP113945.1,1169038,1169937,-,900,100.0,100.0,100.0,complete
OZX58_RS05535,NZ_CP113945.1,1169946,1171295,-,1350,100.0,100.0,100.0,complete
WP_277141759.1,NZ_CP113945.1,1169946,1171295,-,1350,100.0,100.0,100.0,complete
nrdR,NZ_CP113945.1,1171288,1171767,-,480,100.0,100.0,100.0,complete
WP_277131473.1,NZ_CP113945.1,1171288,1171767,-,480,100.0,100.0,100.0,complete
coaE,NZ_CP113945.1,1171754,1172368,-,615,100.0,100.0,100.0,complete
WP_277140592.1,NZ_CP113945.1,1171754,1172368,-,615,100.0,100.0,100.0,complete
mutM,NZ_CP113945.1,1172365,1173195,-,831,100.0,100.0,100.0,complete
WP_277140593.1,NZ_CP113945.1,1172365,1173195,-,831,100.0,100.0,100.0,complete
polA,NZ_CP113945.1,1173208,1175880,-,2673,100.0,100.0,100.0,complete
WP_277140594.1,NZ_CP113945.1,1173208,1175880,-,2673,100.0,100.0,100.0,complete
murC,NZ_CP113945.1,1176012,1177328,-,1317,100.0,100.0,100.0,complete
WP_277140595.1,NZ_CP113945.1,1176012,1177328,-,1317,100.0,100.0,100.0,complete
ytpR,NZ_CP113945.1,1177464,1178111,-,648,100.0,100.0,100.0,complete
WP_277140596.1,NZ_CP113945.1,1177464,1178111,-,648,100.0,100.0,100.0,complete
OZX58_RS05570,NZ_CP113945.1,1178128,1178448,-,321,100.0,100.0,100.0,complete
WP_277131460.1,NZ_CP113945.1,1178128,1178448,-,321,100.0,100.0,100.0,complete
trmB,NZ_CP113945.1,1178484,1179143,-,660,100.0,100.0,100.0,complete
WP_277140597.1,NZ_CP113945.1,1178484,1179143,-,660,100.0,100.0,100.0,complete
OZX58_RS05580,NZ_CP113945.1,1179147,1180346,-,1200,100.0,100.0,100.0,complete
WP_277140598.1,NZ_CP113945.1,1179147,1180346,-,1200,100.0,100.0,100.0,complete
OZX58_RS05585,NZ_CP113945.1,1180339,1181079,-,741,100.0,100.0,100.0,complete
WP_277140599.1,NZ_CP113945.1,1180339,1181079,-,741,100.0,100.0,100.0,complete
OZX58_RS05590,NZ_CP113945.1,1181171,1181602,+,432,100.0,100.0,100.0,complete
WP_277140600.1,NZ_CP113945.1,1181171,1181602,+,432,100.0,100.0,100.0,complete
OZX58_RS05595,NZ_CP113945.1,1181613,1181945,+,333,100.0,100.0,100.0,complete
WP_277140601.1,NZ_CP113945.1,1181613,1181945,+,333,100.0,100.0,100.0,complete
OZX58_RS05600,NZ_CP113945.1,1182061,1182960,+,900,100.0,100.0,100.0,complete
WP_277140602.1,NZ_CP113945.1,1182061,1182960,+,900,100.0,100.0,100.0,complete
OZX58_RS05605,NZ_CP113945.1,1183221,1183382,+,162,100.0,100.0,100.0,complete
WP_277140603.1,NZ_CP113945.1,1183221,1183382,+,162,100.0,100.0,100.0,complete
OZX58_RS05610,NZ_CP113945.1,1183818,1183979,+,162,100.0,100.0,100.0,complete
WP_277140604.1,NZ_CP113945.1,1183818,1183979,+,162,100.0,100.0,100.0,complete
OZX58_RS05615,NZ_CP113945.1,1184283,1185260,-,978,100.0,100.0,100.0,complete
WP_277131444.1,NZ_CP113945.1,1184283,1185260,-,978,100.0,100.0,100.0,complete
OZX58_RS05620,NZ_CP113945.1,1185253,1187748,-,2496,100.0,100.0,100.0,complete
WP_277141761.1,NZ_CP113945.1,1185253,1187748,-,2496,100.0,100.0,100.0,complete
OZX58_RS05625,NZ_CP113945.1,1187735,1188946,-,1212,100.0,100.0,100.0,complete
WP_277140605.1,NZ_CP113945.1,1187735,1188946,-,1212,100.0,100.0,100.0,complete
OZX58_RS05630,NZ_CP113945.1,1188955,1189305,-,351,100.0,100.0,100.0,complete
WP_277140606.1,NZ_CP113945.1,1188955,1189305,-,351,100.0,100.0,100.0,complete
OZX58_RS05635,NZ_CP113945.1,1189323,1191380,-,2058,100.0,100.0,100.0,complete
WP_277140607.1,NZ_CP113945.1,1189323,1191380,-,2058,100.0,100.0,100.0,complete
OZX58_RS05640,NZ_CP113945.1,1191468,1192322,+,855,100.0,100.0,100.0,complete
WP_277140608.1,NZ_CP113945.1,1191468,1192322,+,855,100.0,100.0,100.0,complete
OZX58_RS05645,NZ_CP113945.1,1192392,1193096,-,705,100.0,100.0,100.0,complete
WP_277140609.1,NZ_CP113945.1,1192392,1193096,-,705,100.0,100.0,100.0,complete
OZX58_RS05650,NZ_CP113945.1,1193089,1193730,-,642,100.0,100.0,100.0,complete
WP_277140610.1,NZ_CP113945.1,1193089,1193730,-,642,100.0,100.0,100.0,complete
OZX58_RS05655,NZ_CP113945.1,1193730,1194485,-,756,100.0,100.0,100.0,complete
WP_277140611.1,NZ_CP113945.1,1193730,1194485,-,756,100.0,100.0,100.0,complete
OZX58_RS05660,NZ_CP113945.1,1194693,1195238,-,546,100.0,100.0,100.0,complete
WP_277140612.1,NZ_CP113945.1,1194693,1195238,-,546,100.0,100.0,100.0,complete
OZX58_RS05665,NZ_CP113945.1,1195216,1196424,-,1209,100.0,100.0,100.0,complete
WP_277140613.1,NZ_CP113945.1,1195216,1196424,-,1209,100.0,100.0,100.0,complete
fba,NZ_CP113945.1,1196560,1197474,-,915,100.0,100.0,100.0,complete
WP_277131422.1,NZ_CP113945.1,1196560,1197474,-,915,100.0,100.0,100.0,complete
argS,NZ_CP113945.1,1197582,1199267,-,1686,100.0,100.0,100.0,complete
WP_277140614.1,NZ_CP113945.1,1197582,1199267,-,1686,100.0,100.0,100.0,complete
OZX58_RS05680,NZ_CP113945.1,1199526,1200170,-,645,100.0,100.0,100.0,complete
WP_277140615.1,NZ_CP113945.1,1199526,1200170,-,645,100.0,100.0,100.0,complete
OZX58_RS05685,NZ_CP113945.1,1200234,1201076,-,843,100.0,100.0,100.0,complete
WP_277140616.1,NZ_CP113945.1,1200234,1201076,-,843,100.0,100.0,100.0,complete
OZX58_RS05690,NZ_CP113945.1,1201079,1202368,-,1290,100.0,100.0,100.0,complete
WP_277140617.1,NZ_CP113945.1,1201079,1202368,-,1290,100.0,100.0,100.0,complete
OZX58_RS05695,NZ_CP113945.1,1202469,1202552,+,84,100.0,100.0,100.0,complete
OZX58_RS05700,NZ_CP113945.1,1202639,1202860,+,222,100.0,100.0,100.0,complete
WP_277140618.1,NZ_CP113945.1,1202639,1202860,+,222,100.0,100.0,100.0,complete
OZX58_RS05705,NZ_CP113945.1,1202986,1204629,-,1644,100.0,100.0,100.0,complete
WP_277140619.1,NZ_CP113945.1,1202986,1204629,-,1644,100.0,100.0,100.0,complete
leuS,NZ_CP113945.1,1204728,1207142,-,2415,100.0,100.0,100.0,complete
WP_277140620.1,NZ_CP113945.1,1204728,1207142,-,2415,100.0,100.0,100.0,complete
OZX58_RS05715,NZ_CP113945.1,1207430,1208068,+,639,100.0,100.0,100.0,complete
WP_277140621.1,NZ_CP113945.1,1207430,1208068,+,639,100.0,100.0,100.0,complete
OZX58_RS05720,NZ_CP113945.1,1208111,1209562,-,1452,100.0,100.0,100.0,complete
WP_277140622.1,NZ_CP113945.1,1208111,1209562,-,1452,100.0,100.0,100.0,complete
metK,NZ_CP113945.1,1209580,1210779,-,1200,100.0,100.0,100.0,complete
WP_277140623.1,NZ_CP113945.1,1209580,1210779,-,1200,100.0,100.0,100.0,complete
OZX58_RS05730,NZ_CP113945.1,1210931,1211003,-,73,100.0,100.0,100.0,complete
OZX58_RS05735,NZ_CP113945.1,1211008,1211079,-,72,100.0,100.0,100.0,complete
OZX58_RS05740,NZ_CP113945.1,1211213,1211285,-,73,100.0,100.0,100.0,complete
OZX58_RS05745,NZ_CP113945.1,1211925,1212016,-,92,100.0,100.0,100.0,complete
OZX58_RS05750,NZ_CP113945.1,1212023,1212095,-,73,100.0,100.0,100.0,complete
rrf,NZ_CP113945.1,1212107,1212223,-,117,0.0,0.0,0.0,missing
OZX58_RS05760,NZ_CP113945.1,1212306,1215217,-,2912,0.0,0.0,0.0,missing
OZX58_RS05765,NZ_CP113945.1,1215340,1215412,-,73,100.0,100.0,100.0,complete
OZX58_RS05770,NZ_CP113945.1,1215450,1215523,-,74,100.0,100.0,100.0,complete
OZX58_RS05775,NZ_CP113945.1,1215658,1217225,-,1568,100.0,100.0,100.0,complete
OZX58_RS05780,NZ_CP113945.1,1217669,1218181,-,513,100.0,99.98026224758061,99.98618357330642,complete
WP_277140624.1,NZ_CP113945.1,1217669,1218181,-,513,100.0,99.98026224758061,99.98618357330642,complete
OZX58_RS05785,NZ_CP113945.1,1218345,1219706,-,1362,100.0,99.9802622475806,99.98618357330642,complete
WP_277140625.1,NZ_CP113945.1,1218345,1219706,-,1362,100.0,99.9802622475806,99.98618357330642,complete
OZX58_RS05790,NZ_CP113945.1,1219699,1220655,-,957,100.0,99.98026224758061,99.98618357330642,complete
WP_277140626.1,NZ_CP113945.1,1219699,1220655,-,957,100.0,99.98026224758061,99.98618357330642,complete
dinB,NZ_CP113945.1,1220709,1221845,-,1137,100.0,99.9802622475806,99.98618357330642,complete
WP_277140627.1,NZ_CP113945.1,1220709,1221845,-,1137,100.0,99.9802622475806,99.98618357330642,complete
zwf,NZ_CP113945.1,1221838,1223286,-,1449,100.0,99.98026224758063,99.98618357330643,complete
WP_277140628.1,NZ_CP113945.1,1221838,1223286,-,1449,100.0,99.98026224758063,99.98618357330643,complete
yajC,NZ_CP113945.1,1223429,1223851,-,423,100.0,99.9802622475806,99.98618357330642,complete
WP_277140629.1,NZ_CP113945.1,1223429,1223851,-,423,100.0,99.9802622475806,99.98618357330642,complete
ruvB,NZ_CP113945.1,1223920,1224933,-,1014,100.0,99.98026224758063,99.98618357330643,complete
WP_277140630.1,NZ_CP113945.1,1223920,1224933,-,1014,100.0,99.98026224758063,99.98618357330643,complete
ruvA,NZ_CP113945.1,1224979,1225563,-,585,100.0,99.98026224758061,99.98618357330642,complete
WP_277140631.1,NZ_CP113945.1,1224979,1225563,-,585,100.0,99.98026224758061,99.98618357330642,complete
mutL,NZ_CP113945.1,1225567,1227447,-,1881,100.0,99.98026224758061,99.98618357330642,complete
WP_277140632.1,NZ_CP113945.1,1225567,1227447,-,1881,100.0,99.98026224758061,99.98618357330642,complete
mutS,NZ_CP113945.1,1227450,1230020,-,2571,100.0,99.98026224758063,99.98618357330643,complete
WP_277141763.1,NZ_CP113945.1,1227450,1230020,-,2571,100.0,99.98026224758063,99.98618357330643,complete
OZX58_RS05830,NZ_CP113945.1,1230884,1231660,+,777,100.0,99.98026224758064,99.98618357330645,complete
WP_277140633.1,NZ_CP113945.1,1230884,1231660,+,777,100.0,99.98026224758064,99.98618357330645,complete
groL,NZ_CP113945.1,1232342,1233970,-,1629,100.0,99.98026224758061,99.98618357330642,complete
WP_277130682.1,NZ_CP113945.1,1232342,1233970,-,1629,100.0,99.98026224758061,99.98618357330642,complete
groES,NZ_CP113945.1,1233988,1234272,-,285,100.0,99.98026224758061,99.98618357330642,complete
WP_277130681.1,NZ_CP113945.1,1233988,1234272,-,285,100.0,99.98026224758061,99.98618357330642,complete
OZX58_RS05845,NZ_CP113945.1,1234556,1236448,-,1893,100.0,99.98026224758063,99.98618357330643,complete
WP_277141765.1,NZ_CP113945.1,1234556,1236448,-,1893,100.0,99.98026224758063,99.98618357330643,complete
OZX58_RS05850,NZ_CP113945.1,1236737,1237774,-,1038,100.0,99.98026224758063,99.98618357330643,complete
WP_277140634.1,NZ_CP113945.1,1236737,1237774,-,1038,100.0,99.98026224758063,99.98618357330643,complete
OZX58_RS05855,NZ_CP113945.1,1237809,1237931,-,123,100.0,99.98026224758061,99.98618357330642,complete
WP_277140635.1,NZ_CP113945.1,1237809,1237931,-,123,100.0,99.98026224758061,99.98618357330642,complete
OZX58_RS05860,NZ_CP113945.1,1238082,1238729,-,648,100.0,99.98026224758063,99.98618357330643,complete
WP_277130679.1,NZ_CP113945.1,1238082,1238729,-,648,100.0,99.98026224758063,99.98618357330643,complete
OZX58_RS05865,NZ_CP113945.1,1239148,1241073,+,1926,100.0,99.98026224758063,99.98618357330643,complete
WP_277140636.1,NZ_CP113945.1,1239148,1241073,+,1926,100.0,99.98026224758063,99.98618357330643,complete
tsaD,NZ_CP113945.1,1241125,1242174,-,1050,100.0,99.98026224758063,99.98618357330643,complete
WP_277140637.1,NZ_CP113945.1,1241125,1242174,-,1050,100.0,99.98026224758063,99.98618357330643,complete
rimI,NZ_CP113945.1,1242171,1242746,-,576,100.0,99.98026224758061,99.98618357330642,complete
WP_277141766.1,NZ_CP113945.1,1242171,1242746,-,576,100.0,99.98026224758061,99.98618357330642,complete
tsaB,NZ_CP113945.1,1242730,1243470,-,741,100.0,99.98026224758061,99.98618357330642,complete
WP_277140638.1,NZ_CP113945.1,1242730,1243470,-,741,100.0,99.98026224758061,99.98618357330642,complete
OZX58_RS05885,NZ_CP113945.1,1243500,1244018,-,519,100.0,99.98026224758063,99.98618357330643,complete
WP_277140639.1,NZ_CP113945.1,1243500,1244018,-,519,100.0,99.98026224758063,99.98618357330643,complete
OZX58_RS05890,NZ_CP113945.1,1244077,1244814,-,738,100.0,99.98026224758064,99.98618357330645,complete
WP_277140640.1,NZ_CP113945.1,1244077,1244814,-,738,100.0,99.98026224758064,99.98618357330645,complete
rsmI,NZ_CP113945.1,1244814,1245677,-,864,100.0,99.98026224758063,99.98618357330643,complete
WP_277140641.1,NZ_CP113945.1,1244814,1245677,-,864,100.0,99.98026224758063,99.98618357330643,complete
yabA,NZ_CP113945.1,1245690,1246037,-,348,100.0,99.98026224758061,99.98618357330642,complete
WP_277130672.1,NZ_CP113945.1,1245690,1246037,-,348,100.0,99.98026224758061,99.98618357330642,complete
OZX58_RS05905,NZ_CP113945.1,1246049,1246909,-,861,100.0,99.98026224758063,99.98618357330643,complete
WP_277140642.1,NZ_CP113945.1,1246049,1246909,-,861,100.0,99.98026224758063,99.98618357330643,complete
OZX58_RS05910,NZ_CP113945.1,1246909,1247232,-,324,100.0,99.98026224758063,99.98618357330643,complete
WP_277130670.1,NZ_CP113945.1,1246909,1247232,-,324,100.0,99.98026224758063,99.98618357330643,complete
tmk,NZ_CP113945.1,1247237,1247884,-,648,100.0,99.98026224758063,99.98618357330643,complete
WP_277140643.1,NZ_CP113945.1,1247237,1247884,-,648,100.0,99.98026224758063,99.98618357330643,complete
OZX58_RS05920,NZ_CP113945.1,1247988,1248218,-,231,100.0,99.9802622475806,99.98618357330642,complete
WP_277130668.1,NZ_CP113945.1,1247988,1248218,-,231,100.0,99.9802622475806,99.98618357330642,complete
recR,NZ_CP113945.1,1248218,1248817,-,600,100.0,99.98026224758061,99.98618357330642,complete
WP_277140644.1,NZ_CP113945.1,1248218,1248817,-,600,100.0,99.98026224758061,99.98618357330642,complete
OZX58_RS05930,NZ_CP113945.1,1248818,1249156,-,339,100.0,99.98026224758061,99.98618357330642,complete
WP_277130666.1,NZ_CP113945.1,1248818,1249156,-,339,100.0,99.98026224758061,99.98618357330642,complete
dnaX,NZ_CP113945.1,1249172,1250989,-,1818,100.0,99.98026224758061,99.98618357330642,complete
WP_277140645.1,NZ_CP113945.1,1249172,1250989,-,1818,100.0,99.98026224758061,99.98618357330642,complete
ffs,NZ_CP113945.1,1251042,1251141,-,100,100.0,99.9802622475806,99.98618357330642,complete
tadA,NZ_CP113945.1,1251167,1251661,-,495,100.0,99.98026224758063,99.98618357330643,complete
WP_277141767.1,NZ_CP113945.1,1251167,1251661,-,495,100.0,99.98026224758063,99.98618357330643,complete
OZX58_RS05950,NZ_CP113945.1,1251664,1252284,-,621,100.0,99.98026224758063,99.98618357330643,complete
WP_277140646.1,NZ_CP113945.1,1251664,1252284,-,621,100.0,99.98026224758063,99.98618357330643,complete
OZX58_RS05955,NZ_CP113945.1,1252357,1253499,-,1143,100.0,99.98026224758061,99.98618357330642,complete
WP_277140647.1,NZ_CP113945.1,1252357,1253499,-,1143,100.0,99.98026224758061,99.98618357330642,complete
OZX58_RS05960,NZ_CP113945.1,1253691,1254224,+,534,100.0,99.98026224758063,99.98618357330643,complete
WP_277140648.1,NZ_CP113945.1,1253691,1254224,+,534,100.0,99.98026224758063,99.98618357330643,complete
OZX58_RS05965,NZ_CP113945.1,1254263,1255204,-,942,100.0,99.98026224758061,99.98618357330642,complete
WP_277140649.1,NZ_CP113945.1,1254263,1255204,-,942,100.0,99.98026224758061,99.98618357330642,complete
OZX58_RS05970,NZ_CP113945.1,1255237,1255794,-,558,100.0,99.98026224758063,99.98618357330643,complete
WP_277140650.1,NZ_CP113945.1,1255237,1255794,-,558,100.0,99.98026224758063,99.98618357330643,complete
OZX58_RS05975,NZ_CP113945.1,1255804,1256802,-,999,100.0,99.98026224758063,99.98618357330643,complete
WP_277140651.1,NZ_CP113945.1,1255804,1256802,-,999,100.0,99.98026224758063,99.98618357330643,complete
OZX58_RS05980,NZ_CP113945.1,1256921,1257964,+,1044,100.0,99.98026224758063,99.98618357330643,complete
WP_277140652.1,NZ_CP113945.1,1256921,1257964,+,1044,100.0,99.98026224758063,99.98618357330643,complete
OZX58_RS05985,NZ_CP113945.1,1258003,1259040,-,1038,100.0,99.98026224758063,99.98618357330643,complete
WP_277140653.1,NZ_CP113945.1,1258003,1259040,-,1038,100.0,99.98026224758063,99.98618357330643,complete
OZX58_RS05990,NZ_CP113945.1,1259127,1260077,-,951,100.0,99.98026224758063,99.98618357330643,complete
WP_277140654.1,NZ_CP113945.1,1259127,1260077,-,951,100.0,99.98026224758063,99.98618357330643,complete
OZX58_RS05995,NZ_CP113945.1,1260371,1260526,-,156,100.0,99.98026224758061,99.98618357330642,complete
WP_277140655.1,NZ_CP113945.1,1260371,1260526,-,156,100.0,99.98026224758061,99.98618357330642,complete
rplL,NZ_CP113945.1,1260821,1261183,-,363,100.0,99.98026224758061,99.98618357330642,complete
WP_277130654.1,NZ_CP113945.1,1260821,1261183,-,363,100.0,99.98026224758061,99.98618357330642,complete
rplJ,NZ_CP113945.1,1261233,1261742,-,510,100.0,99.98026224758063,99.98618357330643,complete
WP_277140656.1,NZ_CP113945.1,1261233,1261742,-,510,100.0,99.98026224758063,99.98618357330643,complete
phoU,NZ_CP113945.1,1261934,1262602,-,669,100.0,99.98026224758061,99.98618357330642,complete
WP_277140657.1,NZ_CP113945.1,1261934,1262602,-,669,100.0,99.98026224758061,99.98618357330642,complete
pstB,NZ_CP113945.1,1262616,1263371,-,756,100.0,99.98026224758061,99.98618357330642,complete
WP_277130651.1,NZ_CP113945.1,1262616,1263371,-,756,100.0,99.98026224758061,99.98618357330642,complete
pstB,NZ_CP113945.1,1263384,1264184,-,801,100.0,99.98026224758061,99.98618357330642,complete
WP_277130650.1,NZ_CP113945.1,1263384,1264184,-,801,100.0,99.98026224758061,99.98618357330642,complete
pstA,NZ_CP113945.1,1264194,1265087,-,894,100.0,99.98026224758061,99.98618357330642,complete
WP_277140658.1,NZ_CP113945.1,1264194,1265087,-,894,100.0,99.98026224758061,99.98618357330642,complete
pstC,NZ_CP113945.1,1265091,1266083,-,993,100.0,99.98026224758064,99.98618357330645,complete
WP_277140659.1,NZ_CP113945.1,1265091,1266083,-,993,100.0,99.98026224758064,99.98618357330645,complete
OZX58_RS06035,NZ_CP113945.1,1266076,1266951,-,876,100.0,99.98026224758063,99.98618357330643,complete
WP_277140660.1,NZ_CP113945.1,1266076,1266951,-,876,100.0,99.98026224758063,99.98618357330643,complete
rplA,NZ_CP113945.1,1267093,1267785,-,693,100.0,99.98026224758061,99.98618357330642,complete
WP_277130646.1,NZ_CP113945.1,1267093,1267785,-,693,100.0,99.98026224758061,99.98618357330642,complete
rplK,NZ_CP113945.1,1267860,1268285,-,426,100.0,99.98026224758063,99.98618357330643,complete
WP_277130645.1,NZ_CP113945.1,1267860,1268285,-,426,100.0,99.98026224758063,99.98618357330643,complete
nusG,NZ_CP113945.1,1268410,1268958,-,549,100.0,99.98026224758063,99.98618357330643,complete
WP_277140661.1,NZ_CP113945.1,1268410,1268958,-,549,100.0,99.98026224758063,99.98618357330643,complete
secE,NZ_CP113945.1,1269060,1269230,-,171,100.0,99.98026224758061,99.98618357330642,complete
WP_277130643.1,NZ_CP113945.1,1269060,1269230,-,171,100.0,99.98026224758061,99.98618357330642,complete
rpmG,NZ_CP113945.1,1269237,1269386,-,150,100.0,99.98026224758063,99.98618357330643,complete
WP_277130642.1,NZ_CP113945.1,1269237,1269386,-,150,100.0,99.98026224758063,99.98618357330643,complete
OZX58_RS06065,NZ_CP113945.1,1269610,1269825,-,216,100.0,99.98026224758063,99.98618357330643,complete
WP_277130641.1,NZ_CP113945.1,1269610,1269825,-,216,100.0,99.98026224758063,99.98618357330643,complete
OZX58_RS06070,NZ_CP113945.1,1269905,1270468,-,564,100.0,99.98026224758061,99.98618357330642,complete
WP_277140662.1,NZ_CP113945.1,1269905,1270468,-,564,100.0,99.98026224758061,99.98618357330642,complete
rlmB,NZ_CP113945.1,1270685,1271440,-,756,100.0,99.98026224758061,99.98618357330642,complete
WP_277141768.1,NZ_CP113945.1,1270685,1271440,-,756,100.0,99.98026224758061,99.98618357330642,complete
OZX58_RS06080,NZ_CP113945.1,1271427,1271870,-,444,100.0,99.98026224758061,99.98618357330642,complete
WP_277130638.1,NZ_CP113945.1,1271427,1271870,-,444,100.0,99.98026224758061,99.98618357330642,complete
cysS,NZ_CP113945.1,1271863,1273287,-,1425,100.0,99.98026224758061,99.98618357330642,complete
WP_277140663.1,NZ_CP113945.1,1271863,1273287,-,1425,100.0,99.98026224758061,99.98618357330642,complete
OZX58_RS06090,NZ_CP113945.1,1273500,1273802,+,303,100.0,99.98026224758061,99.98618357330642,complete
WP_277140664.1,NZ_CP113945.1,1273500,1273802,+,303,100.0,99.98026224758061,99.98618357330642,complete
OZX58_RS06095,NZ_CP113945.1,1273812,1274108,+,297,100.0,99.98026224758063,99.98618357330643,complete
WP_277140665.1,NZ_CP113945.1,1273812,1274108,+,297,100.0,99.98026224758063,99.98618357330643,complete
OZX58_RS06100,NZ_CP113945.1,1274152,1274424,-,273,100.0,99.98026224758061,99.98618357330642,complete
WP_277140666.1,NZ_CP113945.1,1274152,1274424,-,273,100.0,99.98026224758061,99.98618357330642,complete
OZX58_RS06105,NZ_CP113945.1,1275029,1275628,-,600,100.0,99.98026224758061,99.98618357330642,complete
WP_277140667.1,NZ_CP113945.1,1275029,1275628,-,600,100.0,99.98026224758061,99.98618357330642,complete
OZX58_RS06110,NZ_CP113945.1,1275830,1276102,-,273,100.0,99.98026224758061,99.98618357330642,complete
WP_277141769.1,NZ_CP113945.1,1275830,1276102,-,273,100.0,99.98026224758061,99.98618357330642,complete
OZX58_RS06115,NZ_CP113945.1,1276089,1276319,-,231,100.0,99.9802622475806,99.98618357330642,complete
WP_277140668.1,NZ_CP113945.1,1276089,1276319,-,231,100.0,99.9802622475806,99.98618357330642,complete
OZX58_RS06120,NZ_CP113945.1,1276449,1277852,-,1404,100.0,99.98026224758061,99.98618357330642,complete
WP_277140669.1,NZ_CP113945.1,1276449,1277852,-,1404,100.0,99.98026224758061,99.98618357330642,complete
gltX,NZ_CP113945.1,1278036,1279535,-,1500,100.0,99.98026224758061,99.98618357330642,complete
WP_277140670.1,NZ_CP113945.1,1278036,1279535,-,1500,100.0,99.98026224758061,99.98618357330642,complete
radA,NZ_CP113945.1,1279611,1280987,-,1377,100.0,99.98026224758061,99.98618357330642,complete
WP_277140671.1,NZ_CP113945.1,1279611,1280987,-,1377,100.0,99.98026224758061,99.98618357330642,complete
OZX58_RS06135,NZ_CP113945.1,1280988,1281539,-,552,100.0,99.98026224758061,99.98618357330642,complete
WP_277140672.1,NZ_CP113945.1,1280988,1281539,-,552,100.0,99.98026224758061,99.98618357330642,complete
OZX58_RS06140,NZ_CP113945.1,1281654,1281956,+,303,100.0,99.98026224758061,99.98618357330642,complete
WP_277140673.1,NZ_CP113945.1,1281654,1281956,+,303,100.0,99.98026224758061,99.98618357330642,complete
OZX58_RS06145,NZ_CP113945.1,1282027,1283220,-,1194,100.0,99.98026224758063,99.98618357330643,complete
WP_277140674.1,NZ_CP113945.1,1282027,1283220,-,1194,100.0,99.98026224758063,99.98618357330643,complete
OZX58_RS06150,NZ_CP113945.1,1283224,1284669,-,1446,100.0,99.98026224758061,99.98618357330642,complete
WP_277140675.1,NZ_CP113945.1,1283224,1284669,-,1446,100.0,99.98026224758061,99.98618357330642,complete
OZX58_RS06155,NZ_CP113945.1,1284680,1285414,-,735,100.0,99.98026224758063,99.98618357330643,complete
WP_277140676.1,NZ_CP113945.1,1284680,1285414,-,735,100.0,99.98026224758063,99.98618357330643,complete
OZX58_RS06160,NZ_CP113945.1,1285427,1286902,-,1476,100.0,99.98026224758064,99.98618357330645,complete
WP_277140677.1,NZ_CP113945.1,1285427,1286902,-,1476,100.0,99.98026224758064,99.98618357330645,complete
OZX58_RS06165,NZ_CP113945.1,1286982,1287863,-,882,100.0,99.98026224758063,99.98618357330643,complete
WP_277140678.1,NZ_CP113945.1,1286982,1287863,-,882,100.0,99.98026224758063,99.98618357330643,complete
pepC,NZ_CP113945.1,1288088,1289434,+,1347,100.0,99.98026224758061,99.98618357330642,complete
WP_277140679.1,NZ_CP113945.1,1288088,1289434,+,1347,100.0,99.98026224758061,99.98618357330642,complete
OZX58_RS06175,NZ_CP113945.1,1289477,1290097,-,621,100.0,99.98026224758063,99.98618357330643,complete
WP_277140680.1,NZ_CP113945.1,1289477,1290097,-,621,100.0,99.98026224758063,99.98618357330643,complete
OZX58_RS06180,NZ_CP113945.1,1290118,1291683,-,1566,100.0,99.98026224758063,99.98618357330643,complete
WP_277140681.1,NZ_CP113945.1,1290118,1291683,-,1566,100.0,99.98026224758063,99.98618357330643,complete
galT,NZ_CP113945.1,1291850,1293325,-,1476,100.0,99.98026224758064,99.98618357330645,complete
WP_277140682.1,NZ_CP113945.1,1291850,1293325,-,1476,100.0,99.98026224758064,99.98618357330645,complete
OZX58_RS06190,NZ_CP113945.1,1293343,1294509,-,1167,100.0,99.98026224758061,99.98618357330642,complete
WP_277140683.1,NZ_CP113945.1,1293343,1294509,-,1167,100.0,99.98026224758061,99.98618357330642,complete
OZX58_RS06195,NZ_CP113945.1,1294628,1295458,-,831,100.0,99.98026224758063,99.98618357330643,complete
WP_277140684.1,NZ_CP113945.1,1294628,1295458,-,831,100.0,99.98026224758063,99.98618357330643,complete
OZX58_RS06200,NZ_CP113945.1,1295597,1296532,-,936,100.0,99.98026224758061,99.98618357330642,complete
WP_277140685.1,NZ_CP113945.1,1295597,1296532,-,936,100.0,99.98026224758061,99.98618357330642,complete
OZX58_RS06205,NZ_CP113945.1,1296638,1297312,-,675,100.0,99.98026224758063,99.98618357330643,complete
WP_277140686.1,NZ_CP113945.1,1296638,1297312,-,675,100.0,99.98026224758063,99.98618357330643,complete
OZX58_RS06210,NZ_CP113945.1,1297314,1297490,-,177,100.0,99.98026224758061,99.98618357330642,complete
WP_277140687.1,NZ_CP113945.1,1297314,1297490,-,177,100.0,99.98026224758061,99.98618357330642,complete
OZX58_RS06215,NZ_CP113945.1,1297502,1298392,-,891,100.0,99.98026224758063,99.98618357330643,complete
WP_277140688.1,NZ_CP113945.1,1297502,1298392,-,891,100.0,99.98026224758063,99.98618357330643,complete
OZX58_RS06220,NZ_CP113945.1,1298452,1299132,-,681,100.0,99.9802622475806,99.98618357330642,complete
WP_277140689.1,NZ_CP113945.1,1298452,1299132,-,681,100.0,99.9802622475806,99.98618357330642,complete
OZX58_RS06225,NZ_CP113945.1,1299168,1299929,-,762,100.0,99.98026224758061,99.98618357330642,complete
WP_277140690.1,NZ_CP113945.1,1299168,1299929,-,762,100.0,99.98026224758061,99.98618357330642,complete
OZX58_RS06230,NZ_CP113945.1,1300002,1300661,+,660,100.0,99.98026224758063,99.98618357330643,complete
WP_277140691.1,NZ_CP113945.1,1300002,1300661,+,660,100.0,99.98026224758063,99.98618357330643,complete
OZX58_RS06235,NZ_CP113945.1,1300698,1301282,+,585,100.0,99.98026224758061,99.98618357330642,complete
WP_277140692.1,NZ_CP113945.1,1300698,1301282,+,585,100.0,99.98026224758061,99.98618357330642,complete
OZX58_RS06240,NZ_CP113945.1,1301369,1301959,-,591,100.0,99.98026224758061,99.98618357330642,complete
WP_277140693.1,NZ_CP113945.1,1301369,1301959,-,591,100.0,99.98026224758061,99.98618357330642,complete
OZX58_RS06245,NZ_CP113945.1,1301956,1302963,-,1008,100.0,99.98026224758063,99.98618357330643,complete
WP_277140694.1,NZ_CP113945.1,1301956,1302963,-,1008,100.0,99.98026224758063,99.98618357330643,complete
OZX58_RS06250,NZ_CP113945.1,1303071,1303925,-,855,100.0,99.98026224758061,99.98618357330642,complete
WP_277140695.1,NZ_CP113945.1,1303071,1303925,-,855,100.0,99.98026224758061,99.98618357330642,complete
OZX58_RS06255,NZ_CP113945.1,1304007,1304879,+,873,100.0,99.98026224758063,99.98618357330643,complete
WP_277140696.1,NZ_CP113945.1,1304007,1304879,+,873,100.0,99.98026224758063,99.98618357330643,complete
OZX58_RS06260,NZ_CP113945.1,1304931,1306901,-,1971,100.0,99.98026224758063,99.98618357330643,complete
WP_277140697.1,NZ_CP113945.1,1304931,1306901,-,1971,100.0,99.98026224758063,99.98618357330643,complete
rpsI,NZ_CP113945.1,1307058,1307453,-,396,100.0,99.98026224758063,99.98618357330643,complete
WP_277130602.1,NZ_CP113945.1,1307058,1307453,-,396,100.0,99.98026224758063,99.98618357330643,complete
rplM,NZ_CP113945.1,1307466,1307909,-,444,100.0,99.98026224758061,99.98618357330642,complete
WP_277130601.1,NZ_CP113945.1,1307466,1307909,-,444,100.0,99.98026224758061,99.98618357330642,complete
truA,NZ_CP113945.1,1308016,1308801,-,786,100.0,99.98026224758061,99.98618357330642,complete
WP_277140698.1,NZ_CP113945.1,1308016,1308801,-,786,100.0,99.98026224758061,99.98618357330642,complete
OZX58_RS06280,NZ_CP113945.1,1308801,1309598,-,798,100.0,99.98026224758061,99.98618357330642,complete
WP_277130599.1,NZ_CP113945.1,1308801,1309598,-,798,100.0,99.98026224758061,99.98618357330642,complete
OZX58_RS06285,NZ_CP113945.1,1309603,1310448,-,846,100.0,99.98026224758063,99.98618357330643,complete
WP_277140699.1,NZ_CP113945.1,1309603,1310448,-,846,100.0,99.98026224758063,99.98618357330643,complete
OZX58_RS06290,NZ_CP113945.1,1310424,1311275,-,852,100.0,99.98026224758063,99.98618357330643,complete
WP_277140701.1,NZ_CP113945.1,1310424,1311275,-,852,100.0,99.98026224758063,99.98618357330643,complete
rplQ,NZ_CP113945.1,1311453,1311836,-,384,100.0,99.98026224758063,99.98618357330643,complete
WP_277130596.1,NZ_CP113945.1,1311453,1311836,-,384,100.0,99.98026224758063,99.98618357330643,complete
OZX58_RS06300,NZ_CP113945.1,1311857,1312795,-,939,100.0,99.98026224758063,99.98618357330643,complete
WP_277130595.1,NZ_CP113945.1,1311857,1312795,-,939,100.0,99.98026224758063,99.98618357330643,complete
rpsK,NZ_CP113945.1,1312841,1313224,-,384,100.0,99.98026224758063,99.98618357330643,complete
WP_277130594.1,NZ_CP113945.1,1312841,1313224,-,384,100.0,99.98026224758063,99.98618357330643,complete
rpsM,NZ_CP113945.1,1313244,1313594,-,351,100.0,99.98026224758061,99.98618357330642,complete
WP_277130593.1,NZ_CP113945.1,1313244,1313594,-,351,100.0,99.98026224758061,99.98618357330642,complete
rpmJ,NZ_CP113945.1,1313618,1313734,-,117,100.0,99.9802622475806,99.98618357330642,complete
WP_003647815.1,NZ_CP113945.1,1313618,1313734,-,117,100.0,99.9802622475806,99.98618357330642,complete
infA,NZ_CP113945.1,1313749,1313970,-,222,100.0,99.98026224758061,99.98618357330642,complete
WP_034980408.1,NZ_CP113945.1,1313749,1313970,-,222,100.0,99.98026224758061,99.98618357330642,complete
OZX58_RS06325,NZ_CP113945.1,1314042,1314692,-,651,100.0,99.98026224758061,99.98618357330642,complete
WP_277130592.1,NZ_CP113945.1,1314042,1314692,-,651,100.0,99.98026224758061,99.98618357330642,complete
secY,NZ_CP113945.1,1314704,1315999,-,1296,100.0,99.98026224758063,99.98618357330643,complete
WP_277140702.1,NZ_CP113945.1,1314704,1315999,-,1296,100.0,99.98026224758063,99.98618357330643,complete
rplO,NZ_CP113945.1,1315999,1316439,-,441,100.0,99.98026224758063,99.98618357330643,complete
WP_277130590.1,NZ_CP113945.1,1315999,1316439,-,441,100.0,99.98026224758063,99.98618357330643,complete
rpmD,NZ_CP113945.1,1316461,1316646,-,186,100.0,99.98026224758063,99.98618357330643,complete
WP_277130589.1,NZ_CP113945.1,1316461,1316646,-,186,100.0,99.98026224758063,99.98618357330643,complete
rpsE,NZ_CP113945.1,1316658,1317164,-,507,100.0,99.98026224758063,99.98618357330643,complete
WP_277130588.1,NZ_CP113945.1,1316658,1317164,-,507,100.0,99.98026224758063,99.98618357330643,complete
rplR,NZ_CP113945.1,1317181,1317537,-,357,100.0,99.98026224758063,99.98618357330643,complete
WP_277130587.1,NZ_CP113945.1,1317181,1317537,-,357,100.0,99.98026224758063,99.98618357330643,complete
rplF,NZ_CP113945.1,1317561,1318091,-,531,100.0,99.98026224758063,99.98618357330643,complete
WP_277130586.1,NZ_CP113945.1,1317561,1318091,-,531,100.0,99.98026224758063,99.98618357330643,complete
rpsH,NZ_CP113945.1,1318116,1318514,-,399,100.0,99.98026224758061,99.98618357330642,complete
WP_277130585.1,NZ_CP113945.1,1318116,1318514,-,399,100.0,99.98026224758061,99.98618357330642,complete
OZX58_RS06365,NZ_CP113945.1,1318537,1318722,-,186,100.0,99.98026224758063,99.98618357330643,complete
WP_046307561.1,NZ_CP113945.1,1318537,1318722,-,186,100.0,99.98026224758063,99.98618357330643,complete
rplE,NZ_CP113945.1,1318735,1319277,-,543,100.0,99.98026224758063,99.98618357330643,complete
WP_277130584.1,NZ_CP113945.1,1318735,1319277,-,543,100.0,99.98026224758063,99.98618357330643,complete
rplX,NZ_CP113945.1,1319292,1319540,-,249,100.0,99.98026224758061,99.98618357330642,complete
WP_277130583.1,NZ_CP113945.1,1319292,1319540,-,249,100.0,99.98026224758061,99.98618357330642,complete
rplN,NZ_CP113945.1,1319558,1319926,-,369,100.0,99.98026224758061,99.98618357330642,complete
WP_277130582.1,NZ_CP113945.1,1319558,1319926,-,369,100.0,99.98026224758061,99.98618357330642,complete
rpsQ,NZ_CP113945.1,1319959,1320225,-,267,100.0,99.98026224758063,99.98618357330643,complete
WP_277130581.1,NZ_CP113945.1,1319959,1320225,-,267,100.0,99.98026224758063,99.98618357330643,complete
rpmC,NZ_CP113945.1,1320244,1320441,-,198,100.0,99.9802622475806,99.98618357330642,complete
WP_277130580.1,NZ_CP113945.1,1320244,1320441,-,198,100.0,99.9802622475806,99.98618357330642,complete
rplP,NZ_CP113945.1,1320431,1320871,-,441,100.0,99.98026224758063,99.98618357330643,complete
WP_277130579.1,NZ_CP113945.1,1320431,1320871,-,441,100.0,99.98026224758063,99.98618357330643,complete
rpsC,NZ_CP113945.1,1320871,1321542,-,672,100.0,99.98026224758061,99.98618357330642,complete
WP_277130578.1,NZ_CP113945.1,1320871,1321542,-,672,100.0,99.98026224758061,99.98618357330642,complete
rplV,NZ_CP113945.1,1321556,1321909,-,354,100.0,99.98026224758061,99.98618357330642,complete
WP_277130577.1,NZ_CP113945.1,1321556,1321909,-,354,100.0,99.98026224758061,99.98618357330642,complete
rpsS,NZ_CP113945.1,1321929,1322207,-,279,100.0,99.98026224758063,99.98618357330643,complete
WP_277130576.1,NZ_CP113945.1,1321929,1322207,-,279,100.0,99.98026224758063,99.98618357330643,complete
rplB,NZ_CP113945.1,1322226,1323062,-,837,100.0,99.98026224758063,99.98618357330643,complete
WP_277130574.1,NZ_CP113945.1,1322226,1323062,-,837,100.0,99.98026224758063,99.98618357330643,complete
rplW,NZ_CP113945.1,1323078,1323383,-,306,100.0,99.98026224758063,99.98618357330643,complete
WP_277130572.1,NZ_CP113945.1,1323078,1323383,-,306,100.0,99.98026224758063,99.98618357330643,complete
rplD,NZ_CP113945.1,1323380,1324012,-,633,100.0,99.98026224758061,99.98618357330642,complete
WP_277130571.1,NZ_CP113945.1,1323380,1324012,-,633,100.0,99.98026224758061,99.98618357330642,complete
rplC,NZ_CP113945.1,1324027,1324656,-,630,100.0,99.98026224758061,99.98618357330642,complete
WP_277130570.1,NZ_CP113945.1,1324027,1324656,-,630,100.0,99.98026224758061,99.98618357330642,complete
rpsJ,NZ_CP113945.1,1324682,1324990,-,309,100.0,99.98026224758061,99.98618357330642,complete
WP_046327486.1,NZ_CP113945.1,1324682,1324990,-,309,100.0,99.98026224758061,99.98618357330642,complete
fusA,NZ_CP113945.1,1325343,1327436,-,2094,100.0,99.98026224758063,99.98618357330643,complete
WP_277130569.1,NZ_CP113945.1,1325343,1327436,-,2094,100.0,99.98026224758063,99.98618357330643,complete
rpsG,NZ_CP113945.1,1327471,1327941,-,471,100.0,99.98026224758061,99.98618357330642,complete
WP_277130567.1,NZ_CP113945.1,1327471,1327941,-,471,100.0,99.98026224758061,99.98618357330642,complete
rpsL,NZ_CP113945.1,1327956,1328363,-,408,100.0,99.98026224758061,99.98618357330642,complete
WP_277130565.1,NZ_CP113945.1,1327956,1328363,-,408,100.0,99.98026224758061,99.98618357330642,complete
OZX58_RS06455,NZ_CP113945.1,1328548,1329240,+,693,100.0,99.98026224758061,99.98618357330642,complete
WP_277140703.1,NZ_CP113945.1,1328548,1329240,+,693,100.0,99.98026224758061,99.98618357330642,complete
rpoC,NZ_CP113945.1,1329283,1332948,-,3666,100.0,99.98026224758063,99.98618357330643,complete
WP_277140704.1,NZ_CP113945.1,1329283,1332948,-,3666,100.0,99.98026224758063,99.98618357330643,complete
rpoB,NZ_CP113945.1,1332965,1336612,-,3648,100.0,99.98026224758063,99.98618357330643,complete
WP_277130561.1,NZ_CP113945.1,1332965,1336612,-,3648,100.0,99.98026224758063,99.98618357330643,complete
OZX58_RS06470,NZ_CP113945.1,1336823,1339306,-,2484,100.0,99.98026224758063,99.98618357330643,complete
WP_277141770.1,NZ_CP113945.1,1336823,1339306,-,2484,100.0,99.98026224758063,99.98618357330643,complete
OZX58_RS06475,NZ_CP113945.1,1339504,1339577,-,74,100.0,99.98026224758063,99.98618357330643,complete
OZX58_RS06480,NZ_CP113945.1,1339623,1339694,-,72,100.0,99.98026224758061,99.98618357330642,complete
lysS,NZ_CP113945.1,1339809,1341365,-,1557,100.0,99.98026224758063,99.98618357330643,complete
WP_277130560.1,NZ_CP113945.1,1339809,1341365,-,1557,100.0,99.98026224758063,99.98618357330643,complete
dusB,NZ_CP113945.1,1341380,1342405,-,1026,100.0,99.98026224758061,99.98618357330642,complete
WP_277140705.1,NZ_CP113945.1,1341380,1342405,-,1026,100.0,99.98026224758061,99.98618357330642,complete
OZX58_RS06495,NZ_CP113945.1,1342502,1343128,-,627,100.0,99.98026224758061,99.98618357330642,complete
WP_277140706.1,NZ_CP113945.1,1342502,1343128,-,627,100.0,99.98026224758061,99.98618357330642,complete
OZX58_RS06500,NZ_CP113945.1,1343240,1343581,+,342,100.0,99.9802622475806,99.98618357330642,complete
WP_277140707.1,NZ_CP113945.1,1343240,1343581,+,342,100.0,99.9802622475806,99.98618357330642,complete
hslO,NZ_CP113945.1,1343601,1344491,-,891,100.0,99.98026224758063,99.98618357330643,complete
WP_277140708.1,NZ_CP113945.1,1343601,1344491,-,891,100.0,99.98026224758063,99.98618357330643,complete
ftsH,NZ_CP113945.1,1344546,1346714,-,2169,100.0,99.9802622475806,99.98618357330642,complete
WP_277140709.1,NZ_CP113945.1,1344546,1346714,-,2169,100.0,99.9802622475806,99.98618357330642,complete
tilS,NZ_CP113945.1,1346801,1348066,-,1266,100.0,99.98026224758061,99.98618357330642,complete
WP_277140710.1,NZ_CP113945.1,1346801,1348066,-,1266,100.0,99.98026224758061,99.98618357330642,complete
OZX58_RS06520,NZ_CP113945.1,1348056,1348421,-,366,100.0,99.98026224758061,99.98618357330642,complete
WP_277140711.1,NZ_CP113945.1,1348056,1348421,-,366,100.0,99.98026224758061,99.98618357330642,complete
OZX58_RS06525,NZ_CP113945.1,1348421,1348795,-,375,100.0,99.98026224758061,99.98618357330642,complete
WP_277140712.1,NZ_CP113945.1,1348421,1348795,-,375,100.0,99.98026224758061,99.98618357330642,complete
OZX58_RS06530,NZ_CP113945.1,1348875,1349117,-,243,100.0,99.98026224758061,99.98618357330642,complete
WP_277130546.1,NZ_CP113945.1,1348875,1349117,-,243,100.0,99.98026224758061,99.98618357330642,complete
mfd,NZ_CP113945.1,1349128,1352619,-,3492,100.0,99.98026224758063,99.98618357330643,complete
WP_277140713.1,NZ_CP113945.1,1349128,1352619,-,3492,100.0,99.98026224758063,99.98618357330643,complete
pth,NZ_CP113945.1,1352621,1353187,-,567,100.0,99.98026224758063,99.98618357330643,complete
WP_277140714.1,NZ_CP113945.1,1352621,1353187,-,567,100.0,99.98026224758063,99.98618357330643,complete
cbpA,NZ_CP113945.1,1353378,1354088,+,711,100.0,99.98026224758061,99.98618357330642,complete
WP_277130543.1,NZ_CP113945.1,1353378,1354088,+,711,100.0,99.98026224758061,99.98618357330642,complete
alr,NZ_CP113945.1,1354156,1355286,-,1131,100.0,99.98026224758061,99.98618357330642,complete
WP_277140715.1,NZ_CP113945.1,1354156,1355286,-,1131,100.0,99.98026224758061,99.98618357330642,complete
acpS,NZ_CP113945.1,1355288,1355641,-,354,100.0,99.98026224758061,99.98618357330642,complete
WP_277130539.1,NZ_CP113945.1,1355288,1355641,-,354,100.0,99.98026224758061,99.98618357330642,complete
OZX58_RS06560,NZ_CP113945.1,1355719,1357248,-,1530,100.0,99.98026224758061,99.98618357330642,complete
WP_277140716.1,NZ_CP113945.1,1355719,1357248,-,1530,100.0,99.98026224758061,99.98618357330642,complete
murF,NZ_CP113945.1,1357259,1358626,-,1368,100.0,99.98026224758061,99.98618357330642,complete
WP_277140717.1,NZ_CP113945.1,1357259,1358626,-,1368,100.0,99.98026224758061,99.98618357330642,complete
OZX58_RS06570,NZ_CP113945.1,1358754,1359002,-,249,100.0,99.98026224758061,99.98618357330642,complete
WP_277130533.1,NZ_CP113945.1,1358754,1359002,-,249,100.0,99.98026224758061,99.98618357330642,complete
OZX58_RS06575,NZ_CP113945.1,1359118,1359963,-,846,100.0,99.98026224758063,99.98618357330643,complete
WP_277140719.1,NZ_CP113945.1,1359118,1359963,-,846,100.0,99.98026224758063,99.98618357330643,complete
OZX58_RS06580,NZ_CP113945.1,1359973,1360713,-,741,100.0,99.98026224758061,99.98618357330642,complete
WP_277140721.1,NZ_CP113945.1,1359973,1360713,-,741,100.0,99.98026224758061,99.98618357330642,complete
OZX58_RS06585,NZ_CP113945.1,1360723,1361394,-,672,100.0,99.98026224758061,99.98618357330642,complete
WP_277140722.1,NZ_CP113945.1,1360723,1361394,-,672,100.0,99.98026224758061,99.98618357330642,complete
OZX58_RS06590,NZ_CP113945.1,1361375,1362034,-,660,100.0,99.98026224758063,99.98618357330643,complete
WP_277130525.1,NZ_CP113945.1,1361375,1362034,-,660,100.0,99.98026224758063,99.98618357330643,complete
OZX58_RS06595,NZ_CP113945.1,1362415,1363302,-,888,100.0,99.98026224758061,99.98618357330642,complete
WP_277140723.1,NZ_CP113945.1,1362415,1363302,-,888,100.0,99.98026224758061,99.98618357330642,complete
rbsD,NZ_CP113945.1,1363318,1363713,-,396,100.0,99.98026224758063,99.98618357330643,complete
WP_277140724.1,NZ_CP113945.1,1363318,1363713,-,396,100.0,99.98026224758063,99.98618357330643,complete
rbsK,NZ_CP113945.1,1363738,1364652,-,915,100.0,99.98026224758063,99.98618357330643,complete
WP_277140725.1,NZ_CP113945.1,1363738,1364652,-,915,100.0,99.98026224758063,99.98618357330643,complete
OZX58_RS06610,NZ_CP113945.1,1364841,1366136,+,1296,100.0,99.98026224758063,99.98618357330643,complete
WP_277140726.1,NZ_CP113945.1,1364841,1366136,+,1296,100.0,99.98026224758063,99.98618357330643,complete
OZX58_RS06615,NZ_CP113945.1,1366280,1367317,-,1038,100.0,99.98026224758063,99.98618357330643,complete
WP_277140727.1,NZ_CP113945.1,1366280,1367317,-,1038,100.0,99.98026224758063,99.98618357330643,complete
OZX58_RS06620,NZ_CP113945.1,1367654,1368685,-,1032,100.0,99.98026224758064,99.98618357330645,complete
WP_277140728.1,NZ_CP113945.1,1367654,1368685,-,1032,100.0,99.98026224758064,99.98618357330645,complete
OZX58_RS06625,NZ_CP113945.1,1368682,1369335,-,654,100.0,99.9802622475806,99.98618357330642,complete
WP_277140729.1,NZ_CP113945.1,1368682,1369335,-,654,100.0,99.9802622475806,99.98618357330642,complete
OZX58_RS06630,NZ_CP113945.1,1369319,1369642,-,324,100.0,99.98026224758063,99.98618357330643,complete
WP_277130514.1,NZ_CP113945.1,1369319,1369642,-,324,100.0,99.98026224758063,99.98618357330643,complete
guaA,NZ_CP113945.1,1369807,1371363,-,1557,100.0,99.98026224758063,99.98618357330643,complete
WP_280923782.1,NZ_CP113945.1,1369807,1371363,-,1557,100.0,99.98026224758063,99.98618357330643,complete
OZX58_RS06640,NZ_CP113945.1,1371728,1372306,+,579,100.0,99.98026224758061,99.98618357330642,complete
WP_277140731.1,NZ_CP113945.1,1371728,1372306,+,579,100.0,99.98026224758061,99.98618357330642,complete
OZX58_RS06645,NZ_CP113945.1,1372306,1373589,+,1284,100.0,99.98026224758061,99.98618357330642,complete
WP_277140732.1,NZ_CP113945.1,1372306,1373589,+,1284,100.0,99.98026224758061,99.98618357330642,complete
OZX58_RS06650,NZ_CP113945.1,1373772,1373894,+,123,100.0,99.98026224758061,99.98618357330642,complete
WP_277140733.1,NZ_CP113945.1,1373772,1373894,+,123,100.0,99.98026224758061,99.98618357330642,complete
OZX58_RS06655,NZ_CP113945.1,1374171,1374293,+,123,100.0,99.98026224758061,99.98618357330642,complete
WP_277140734.1,NZ_CP113945.1,1374171,1374293,+,123,100.0,99.98026224758061,99.98618357330642,complete
OZX58_RS06660,NZ_CP113945.1,1374976,1376388,+,1413,100.0,99.98026224758061,99.98618357330642,complete
WP_277140736.1,NZ_CP113945.1,1374976,1376388,+,1413,100.0,99.98026224758061,99.98618357330642,complete
OZX58_RS06665,NZ_CP113945.1,1376484,1377758,-,1275,100.0,99.98026224758061,99.98618357330642,complete
WP_277140737.1,NZ_CP113945.1,1376484,1377758,-,1275,100.0,99.98026224758061,99.98618357330642,complete
OZX58_RS06670,NZ_CP113945.1,1377884,1379503,-,1620,100.0,99.98026224758061,99.98618357330642,complete
WP_277130501.1,NZ_CP113945.1,1377884,1379503,-,1620,100.0,99.98026224758061,99.98618357330642,complete
rpoE,NZ_CP113945.1,1379637,1380197,-,561,100.0,99.98026224758061,99.98618357330642,complete
WP_277130500.1,NZ_CP113945.1,1379637,1380197,-,561,100.0,99.98026224758061,99.98618357330642,complete
OZX58_RS06680,NZ_CP113945.1,1380244,1380648,-,405,100.0,99.98026224758061,99.98618357330642,complete
WP_277130499.1,NZ_CP113945.1,1380244,1380648,-,405,100.0,99.98026224758061,99.98618357330642,complete
OZX58_RS06685,NZ_CP113945.1,1380769,1382136,+,1368,100.0,99.98026224758061,99.98618357330642,complete
WP_277140738.1,NZ_CP113945.1,1380769,1382136,+,1368,100.0,99.98026224758061,99.98618357330642,complete
OZX58_RS06690,NZ_CP113945.1,1382164,1382625,-,462,100.0,99.9802622475806,99.98618357330642,complete
WP_277140739.1,NZ_CP113945.1,1382164,1382625,-,462,100.0,99.9802622475806,99.98618357330642,complete
OZX58_RS06695,NZ_CP113945.1,1382766,1383734,-,969,100.0,99.98026224758063,99.98618357330643,complete
WP_277130496.1,NZ_CP113945.1,1382766,1383734,-,969,100.0,99.98026224758063,99.98618357330643,complete
murQ,NZ_CP113945.1,1383960,1384856,-,897,100.0,99.98026224758061,99.98618357330642,complete
WP_277140740.1,NZ_CP113945.1,1383960,1384856,-,897,100.0,99.98026224758061,99.98618357330642,complete
OZX58_RS06705,NZ_CP113945.1,1384863,1386839,-,1977,100.0,99.98026224758064,99.98618357330645,complete
WP_277140741.1,NZ_CP113945.1,1384863,1386839,-,1977,100.0,99.98026224758064,99.98618357330645,complete
OZX58_RS06710,NZ_CP113945.1,1386954,1387820,-,867,100.0,99.98026224758063,99.98618357330643,complete
WP_277140742.1,NZ_CP113945.1,1386954,1387820,-,867,100.0,99.98026224758063,99.98618357330643,complete
OZX58_RS06715,NZ_CP113945.1,1388646,1389701,-,1056,100.0,99.98026224758063,99.98618357330643,complete
WP_277140743.1,NZ_CP113945.1,1388646,1389701,-,1056,100.0,99.98026224758063,99.98618357330643,complete
OZX58_RS06720,NZ_CP113945.1,1389815,1391389,-,1575,100.0,99.98026224758063,99.98618357330643,complete
WP_277140744.1,NZ_CP113945.1,1389815,1391389,-,1575,100.0,99.98026224758063,99.98618357330643,complete
glmU,NZ_CP113945.1,1391550,1392935,-,1386,100.0,99.98026224758061,99.98618357330642,complete
WP_277130490.1,NZ_CP113945.1,1391550,1392935,-,1386,100.0,99.98026224758061,99.98618357330642,complete
purR,NZ_CP113945.1,1392993,1393823,-,831,100.0,99.98026224758063,99.98618357330643,complete
WP_277130489.1,NZ_CP113945.1,1392993,1393823,-,831,100.0,99.98026224758063,99.98618357330643,complete
OZX58_RS06735,NZ_CP113945.1,1393938,1394195,-,258,100.0,99.98026224758063,99.98618357330643,complete
WP_277130488.1,NZ_CP113945.1,1393938,1394195,-,258,100.0,99.98026224758063,99.98618357330643,complete
rsmA,NZ_CP113945.1,1394283,1395167,-,885,100.0,99.98026224758063,99.98618357330643,complete
WP_277140745.1,NZ_CP113945.1,1394283,1395167,-,885,100.0,99.98026224758063,99.98618357330643,complete
rnmV,NZ_CP113945.1,1395160,1395726,-,567,100.0,99.98026224758063,99.98618357330643,complete
WP_277140746.1,NZ_CP113945.1,1395160,1395726,-,567,100.0,99.98026224758063,99.98618357330643,complete
OZX58_RS06750,NZ_CP113945.1,1395713,1396480,-,768,100.0,99.98026224758063,99.98618357330643,complete
WP_277140748.1,NZ_CP113945.1,1395713,1396480,-,768,100.0,99.98026224758063,99.98618357330643,complete
metG,NZ_CP113945.1,1396480,1398456,-,1977,100.0,99.98026224758064,99.98618357330645,complete
WP_277140749.1,NZ_CP113945.1,1396480,1398456,-,1977,100.0,99.98026224758064,99.98618357330645,complete
OZX58_RS06760,NZ_CP113945.1,1398630,1399382,-,753,100.0,99.98026224758063,99.98618357330643,complete
WP_277140751.1,NZ_CP113945.1,1398630,1399382,-,753,100.0,99.98026224758063,99.98618357330643,complete
OZX58_RS06765,NZ_CP113945.1,1399379,1400038,-,660,100.0,99.98026224758063,99.98618357330643,complete
WP_277140752.1,NZ_CP113945.1,1399379,1400038,-,660,100.0,99.98026224758063,99.98618357330643,complete
mgtA,NZ_CP113945.1,1400185,1402875,-,2691,100.0,99.9802622475806,99.98618357330642,complete
WP_277140753.1,NZ_CP113945.1,1400185,1402875,-,2691,100.0,99.9802622475806,99.98618357330642,complete
OZX58_RS06775,NZ_CP113945.1,1403197,1403865,-,669,100.0,99.98026224758061,99.98618357330642,complete
WP_277140755.1,NZ_CP113945.1,1403197,1403865,-,669,100.0,99.98026224758061,99.98618357330642,complete
OZX58_RS06780,NZ_CP113945.1,1403795,1404274,-,480,100.0,99.98026224758063,99.98618357330643,complete
WP_277140756.1,NZ_CP113945.1,1403795,1404274,-,480,100.0,99.98026224758063,99.98618357330643,complete
trpS,NZ_CP113945.1,1404287,1405303,-,1017,100.0,99.98026224758063,99.98618357330643,complete
WP_277140757.1,NZ_CP113945.1,1404287,1405303,-,1017,100.0,99.98026224758063,99.98618357330643,complete
OZX58_RS06790,NZ_CP113945.1,1405401,1406003,+,603,100.0,99.98026224758061,99.98618357330642,complete
WP_277140758.1,NZ_CP113945.1,1405401,1406003,+,603,100.0,99.98026224758061,99.98618357330642,complete
OZX58_RS06795,NZ_CP113945.1,1406534,1406689,-,156,100.0,99.98026224758061,99.98618357330642,complete
WP_277140759.1,NZ_CP113945.1,1406534,1406689,-,156,100.0,99.98026224758061,99.98618357330642,complete
OZX58_RS06800,NZ_CP113945.1,1406924,1406994,+,71,100.0,99.98026224758064,99.98618357330645,complete
OZX58_RS06805,NZ_CP113945.1,1407042,1407704,-,663,100.0,99.98026224758061,99.98618357330642,complete
WP_277140760.1,NZ_CP113945.1,1407042,1407704,-,663,100.0,99.98026224758061,99.98618357330642,complete
OZX58_RS06810,NZ_CP113945.1,1407846,1409192,-,1347,100.0,99.98026224758061,99.98618357330642,complete
WP_277140761.1,NZ_CP113945.1,1407846,1409192,-,1347,100.0,99.98026224758061,99.98618357330642,complete
greA,NZ_CP113945.1,1409271,1409732,-,462,100.0,99.9802622475806,99.98618357330642,complete
WP_277140762.1,NZ_CP113945.1,1409271,1409732,-,462,100.0,99.9802622475806,99.98618357330642,complete
OZX58_RS06820,NZ_CP113945.1,1409942,1410364,+,423,100.0,99.9802622475806,99.98618357330642,complete
WP_277130473.1,NZ_CP113945.1,1409942,1410364,+,423,100.0,99.9802622475806,99.98618357330642,complete
OZX58_RS06825,NZ_CP113945.1,1410503,1411825,+,1323,100.0,99.98026224758063,99.98618357330643,complete
WP_277140763.1,NZ_CP113945.1,1410503,1411825,+,1323,100.0,99.98026224758063,99.98618357330643,complete
OZX58_RS06830,NZ_CP113945.1,1411918,1413234,+,1317,100.0,99.98026224758061,99.98618357330642,complete
WP_277140764.1,NZ_CP113945.1,1411918,1413234,+,1317,100.0,99.98026224758061,99.98618357330642,complete
OZX58_RS06835,NZ_CP113945.1,1413322,1414260,-,939,100.0,99.98026224758063,99.98618357330643,complete
WP_277140765.1,NZ_CP113945.1,1413322,1414260,-,939,100.0,99.98026224758063,99.98618357330643,complete
OZX58_RS06840,NZ_CP113945.1,1414270,1415226,-,957,100.0,99.98026224758061,99.98618357330642,complete
WP_277140766.1,NZ_CP113945.1,1414270,1415226,-,957,100.0,99.98026224758061,99.98618357330642,complete
OZX58_RS06845,NZ_CP113945.1,1415226,1416338,-,1113,100.0,99.98026224758061,99.98618357330642,complete
WP_277140767.1,NZ_CP113945.1,1415226,1416338,-,1113,100.0,99.98026224758061,99.98618357330642,complete
OZX58_RS06850,NZ_CP113945.1,1416331,1417866,-,1536,100.0,99.98026224758063,99.98618357330643,complete
WP_277140768.1,NZ_CP113945.1,1416331,1417866,-,1536,100.0,99.98026224758063,99.98618357330643,complete
OZX58_RS06855,NZ_CP113945.1,1417932,1419008,-,1077,100.0,99.98026224758063,99.98618357330643,complete
WP_277140770.1,NZ_CP113945.1,1417932,1419008,-,1077,100.0,99.98026224758063,99.98618357330643,complete
OZX58_RS06860,NZ_CP113945.1,1419129,1420220,-,1092,100.0,99.98026224758061,99.98618357330642,complete
WP_277140771.1,NZ_CP113945.1,1419129,1420220,-,1092,100.0,99.98026224758061,99.98618357330642,complete
OZX58_RS06865,NZ_CP113945.1,1420460,1421530,-,1071,100.0,99.98026224758063,99.98618357330643,complete
WP_277140773.1,NZ_CP113945.1,1420460,1421530,-,1071,100.0,99.98026224758063,99.98618357330643,complete
OZX58_RS06870,NZ_CP113945.1,1421635,1422036,-,402,100.0,99.98026224758061,99.98618357330642,complete
WP_277140775.1,NZ_CP113945.1,1421635,1422036,-,402,100.0,99.98026224758061,99.98618357330642,complete
OZX58_RS06875,NZ_CP113945.1,1422038,1422691,-,654,100.0,99.9802622475806,99.98618357330642,complete
WP_277141771.1,NZ_CP113945.1,1422038,1422691,-,654,100.0,99.9802622475806,99.98618357330642,complete
OZX58_RS06880,NZ_CP113945.1,1422727,1422799,-,73,100.0,99.98026224758061,99.98618357330642,complete
OZX58_RS06885,NZ_CP113945.1,1422868,1423206,-,339,100.0,99.98026224758061,99.98618357330642,complete
WP_277130462.1,NZ_CP113945.1,1422868,1423206,-,339,100.0,99.98026224758061,99.98618357330642,complete
tyrS,NZ_CP113945.1,1423340,1424602,-,1263,100.0,99.98026224758061,99.98618357330642,complete
WP_277130461.1,NZ_CP113945.1,1423340,1424602,-,1263,100.0,99.98026224758061,99.98618357330642,complete
OZX58_RS06895,NZ_CP113945.1,1424873,1427845,-,2973,100.0,99.98026224758063,99.98618357330643,complete
WP_277140776.1,NZ_CP113945.1,1424873,1427845,-,2973,100.0,99.98026224758063,99.98618357330643,complete
OZX58_RS06900,NZ_CP113945.1,1427886,1428503,-,618,100.0,99.98026224758061,99.98618357330642,complete
WP_277130459.1,NZ_CP113945.1,1427886,1428503,-,618,100.0,99.98026224758061,99.98618357330642,complete
OZX58_RS06905,NZ_CP113945.1,1428503,1429624,-,1122,100.0,99.98026224758061,99.98618357330642,complete
WP_277130458.1,NZ_CP113945.1,1428503,1429624,-,1122,100.0,99.98026224758061,99.98618357330642,complete
OZX58_RS06910,NZ_CP113945.1,1429724,1430290,-,567,100.0,99.98026224758063,99.98618357330643,complete
WP_277130457.1,NZ_CP113945.1,1429724,1430290,-,567,100.0,99.98026224758063,99.98618357330643,complete
OZX58_RS06915,NZ_CP113945.1,1430580,1430867,-,288,100.0,99.98026224758061,99.98618357330642,complete
WP_277130456.1,NZ_CP113945.1,1430580,1430867,-,288,100.0,99.98026224758061,99.98618357330642,complete
OZX58_RS06920,NZ_CP113945.1,1431043,1431972,+,930,100.0,99.98026224758063,99.98618357330643,complete
WP_277140777.1,NZ_CP113945.1,1431043,1431972,+,930,100.0,99.98026224758063,99.98618357330643,complete
OZX58_RS06925,NZ_CP113945.1,1432074,1432367,-,294,100.0,99.98026224758063,99.98618357330643,complete
WP_277130454.1,NZ_CP113945.1,1432074,1432367,-,294,100.0,99.98026224758063,99.98618357330643,complete
OZX58_RS06930,NZ_CP113945.1,1432372,1433382,-,1011,100.0,99.98026224758063,99.98618357330643,complete
WP_277130453.1,NZ_CP113945.1,1432372,1433382,-,1011,100.0,99.98026224758063,99.98618357330643,complete
OZX58_RS06935,NZ_CP113945.1,1433414,1434685,-,1272,100.0,99.98026224758063,99.98618357330643,complete
WP_277140779.1,NZ_CP113945.1,1433414,1434685,-,1272,100.0,99.98026224758063,99.98618357330643,complete
OZX58_RS06940,NZ_CP113945.1,1435034,1435804,-,771,100.0,99.98026224758061,99.98618357330642,complete
WP_277140781.1,NZ_CP113945.1,1435034,1435804,-,771,100.0,99.98026224758061,99.98618357330642,complete
OZX58_RS06945,NZ_CP113945.1,1436083,1436916,+,834,100.0,99.98026224758063,99.98618357330643,complete
WP_277130450.1,NZ_CP113945.1,1436083,1436916,+,834,100.0,99.98026224758063,99.98618357330643,complete
OZX58_RS06950,NZ_CP113945.1,1436984,1438414,-,1431,100.0,99.98026224758061,99.98618357330642,complete
WP_277140782.1,NZ_CP113945.1,1436984,1438414,-,1431,100.0,99.98026224758061,99.98618357330642,complete
OZX58_RS06955,NZ_CP113945.1,1438548,1438964,-,417,100.0,99.98026224758063,99.98618357330643,complete
WP_277140783.1,NZ_CP113945.1,1438548,1438964,-,417,100.0,99.98026224758063,99.98618357330643,complete
OZX58_RS06960,NZ_CP113945.1,1439038,1439865,-,828,100.0,99.98026224758061,99.98618357330642,complete
WP_277140784.1,NZ_CP113945.1,1439038,1439865,-,828,100.0,99.98026224758061,99.98618357330642,complete
OZX58_RS06965,NZ_CP113945.1,1439878,1440444,-,567,100.0,99.98026224758063,99.98618357330643,complete
WP_277140785.1,NZ_CP113945.1,1439878,1440444,-,567,100.0,99.98026224758063,99.98618357330643,complete
OZX58_RS06970,NZ_CP113945.1,1440535,1442550,-,2016,100.0,99.98026224758063,99.98618357330643,complete
WP_277140786.1,NZ_CP113945.1,1440535,1442550,-,2016,100.0,99.98026224758063,99.98618357330643,complete
OZX58_RS06975,NZ_CP113945.1,1442700,1442993,-,294,100.0,99.98026224758063,99.98618357330643,complete
WP_277140788.1,NZ_CP113945.1,1442700,1442993,-,294,100.0,99.98026224758063,99.98618357330643,complete
OZX58_RS06980,NZ_CP113945.1,1443019,1444416,-,1398,100.0,99.98026224758063,99.98618357330643,complete
WP_277140789.1,NZ_CP113945.1,1443019,1444416,-,1398,100.0,99.98026224758063,99.98618357330643,complete
OZX58_RS06985,NZ_CP113945.1,1444443,1444895,-,453,100.0,99.98026224758061,99.98618357330642,complete
WP_277140791.1,NZ_CP113945.1,1444443,1444895,-,453,100.0,99.98026224758061,99.98618357330642,complete
OZX58_RS06990,NZ_CP113945.1,1445005,1445733,-,729,100.0,99.98026224758063,99.98618357330643,complete
WP_277140793.1,NZ_CP113945.1,1445005,1445733,-,729,100.0,99.98026224758063,99.98618357330643,complete
hflX,NZ_CP113945.1,1445949,1447232,+,1284,100.0,99.98026224758061,99.98618357330642,complete
WP_277140795.1,NZ_CP113945.1,1445949,1447232,+,1284,100.0,99.98026224758061,99.98618357330642,complete
OZX58_RS07000,NZ_CP113945.1,1447295,1448161,-,867,100.0,99.98026224758063,99.98618357330643,complete
WP_277140796.1,NZ_CP113945.1,1447295,1448161,-,867,100.0,99.98026224758063,99.98618357330643,complete
OZX58_RS07005,NZ_CP113945.1,1448319,1449041,-,723,100.0,99.98026224758061,99.98618357330642,complete
WP_277130446.1,NZ_CP113945.1,1448319,1449041,-,723,100.0,99.98026224758061,99.98618357330642,complete
OZX58_RS07010,NZ_CP113945.1,1449256,1449741,-,486,100.0,99.98026224758061,99.98618357330642,complete
WP_277130445.1,NZ_CP113945.1,1449256,1449741,-,486,100.0,99.98026224758061,99.98618357330642,complete
OZX58_RS07015,NZ_CP113945.1,1449921,1450460,-,540,100.0,99.98026224758061,99.98618357330642,complete
WP_277140797.1,NZ_CP113945.1,1449921,1450460,-,540,100.0,99.98026224758061,99.98618357330642,complete
OZX58_RS07020,NZ_CP113945.1,1450551,1450865,+,315,100.0,99.98026224758061,99.98618357330642,complete
WP_277130443.1,NZ_CP113945.1,1450551,1450865,+,315,100.0,99.98026224758061,99.98618357330642,complete
OZX58_RS07025,NZ_CP113945.1,1450977,1452485,+,1509,100.0,99.98026224758061,99.98618357330642,complete
WP_277140798.1,NZ_CP113945.1,1450977,1452485,+,1509,100.0,99.98026224758061,99.98618357330642,complete
OZX58_RS07030,NZ_CP113945.1,1452527,1453147,-,621,100.0,99.98026224758063,99.98618357330643,complete
WP_277140799.1,NZ_CP113945.1,1452527,1453147,-,621,100.0,99.98026224758063,99.98618357330643,complete
OZX58_RS07035,NZ_CP113945.1,1453282,1454118,-,837,100.0,99.98026224758063,99.98618357330643,complete
WP_277140800.1,NZ_CP113945.1,1453282,1454118,-,837,100.0,99.98026224758063,99.98618357330643,complete
OZX58_RS07040,NZ_CP113945.1,1454454,1455431,+,978,100.0,99.98026224758063,99.98618357330643,complete
WP_277140801.1,NZ_CP113945.1,1454454,1455431,+,978,100.0,99.98026224758063,99.98618357330643,complete
OZX58_RS07045,NZ_CP113945.1,1455412,1456620,+,1209,100.0,99.98026224758061,99.98618357330642,complete
WP_277140802.1,NZ_CP113945.1,1455412,1456620,+,1209,100.0,99.98026224758061,99.98618357330642,complete
OZX58_RS07050,NZ_CP113945.1,1456706,1457038,-,333,100.0,99.98026224758063,99.98618357330643,complete
WP_277140803.1,NZ_CP113945.1,1456706,1457038,-,333,100.0,99.98026224758063,99.98618357330643,complete
OZX58_RS07055,NZ_CP113945.1,1457046,1457642,-,597,100.0,99.98026224758063,99.98618357330643,complete
WP_277141772.1,NZ_CP113945.1,1457046,1457642,-,597,100.0,99.98026224758063,99.98618357330643,complete
OZX58_RS07060,NZ_CP113945.1,1457998,1459575,+,1578,100.0,99.98026224758063,99.98618357330643,complete
WP_277130439.1,NZ_CP113945.1,1457998,1459575,+,1578,100.0,99.98026224758063,99.98618357330643,complete
OZX58_RS07065,NZ_CP113945.1,1459709,1460371,+,663,100.0,99.98026224758061,99.98618357330642,complete
WP_277141774.1,NZ_CP113945.1,1459709,1460371,+,663,100.0,99.98026224758061,99.98618357330642,complete
lepA,NZ_CP113945.1,1460598,1462385,-,1788,100.0,99.98026224758061,99.98618357330642,complete
WP_277140804.1,NZ_CP113945.1,1460598,1462385,-,1788,100.0,99.98026224758061,99.98618357330642,complete
OZX58_RS07075,NZ_CP113945.1,1462363,1463043,-,681,100.0,99.9802622475806,99.98618357330642,complete
WP_277140805.1,NZ_CP113945.1,1462363,1463043,-,681,100.0,99.9802622475806,99.98618357330642,complete
OZX58_RS07080,NZ_CP113945.1,1463134,1464678,-,1545,100.0,99.98026224758064,99.98618357330645,complete
WP_277140806.1,NZ_CP113945.1,1463134,1464678,-,1545,100.0,99.98026224758064,99.98618357330645,complete
dapF,NZ_CP113945.1,1465197,1466186,-,990,100.0,99.98026224758063,99.98618357330643,complete
WP_277140807.1,NZ_CP113945.1,1465197,1466186,-,990,100.0,99.98026224758063,99.98618357330643,complete
OZX58_RS07090,NZ_CP113945.1,1466179,1467552,-,1374,100.0,99.98026224758061,99.98618357330642,complete
WP_277140808.1,NZ_CP113945.1,1466179,1467552,-,1374,100.0,99.98026224758061,99.98618357330642,complete
lysA,NZ_CP113945.1,1467977,1469272,+,1296,100.0,99.98026224758063,99.98618357330643,complete
WP_277141776.1,NZ_CP113945.1,1467977,1469272,+,1296,100.0,99.98026224758063,99.98618357330643,complete
dapD,NZ_CP113945.1,1469291,1469998,+,708,100.0,99.98026224758061,99.98618357330642,complete
WP_277140809.1,NZ_CP113945.1,1469291,1469998,+,708,100.0,99.98026224758061,99.98618357330642,complete
OZX58_RS07105,NZ_CP113945.1,1470003,1471157,+,1155,100.0,99.98026224758063,99.98618357330643,complete
WP_277140810.1,NZ_CP113945.1,1470003,1471157,+,1155,100.0,99.98026224758063,99.98618357330643,complete
dapA,NZ_CP113945.1,1471173,1472090,+,918,100.0,99.98026224758061,99.98618357330642,complete
WP_277140811.1,NZ_CP113945.1,1471173,1472090,+,918,100.0,99.98026224758061,99.98618357330642,complete
dapB,NZ_CP113945.1,1472093,1472860,+,768,100.0,99.98026224758063,99.98618357330643,complete
WP_277140812.1,NZ_CP113945.1,1472093,1472860,+,768,100.0,99.98026224758063,99.98618357330643,complete
OZX58_RS07120,NZ_CP113945.1,1472879,1474057,+,1179,100.0,99.98026224758061,99.98618357330642,complete
WP_277140813.1,NZ_CP113945.1,1472879,1474057,+,1179,100.0,99.98026224758061,99.98618357330642,complete
OZX58_RS07125,NZ_CP113945.1,1474070,1475119,+,1050,100.0,99.98026224758063,99.98618357330643,complete
WP_277140814.1,NZ_CP113945.1,1474070,1475119,+,1050,100.0,99.98026224758063,99.98618357330643,complete
OZX58_RS07130,NZ_CP113945.1,1475166,1475537,-,372,100.0,99.98026224758063,99.98618357330643,complete
WP_277140815.1,NZ_CP113945.1,1475166,1475537,-,372,100.0,99.98026224758063,99.98618357330643,complete
OZX58_RS07135,NZ_CP113945.1,1475555,1476748,-,1194,100.0,99.98026224758063,99.98618357330643,complete
WP_277140816.1,NZ_CP113945.1,1475555,1476748,-,1194,100.0,99.98026224758063,99.98618357330643,complete
pepF,NZ_CP113945.1,1476907,1478715,+,1809,100.0,99.98026224758064,99.98618357330645,complete
WP_277140817.1,NZ_CP113945.1,1476907,1478715,+,1809,100.0,99.98026224758064,99.98618357330645,complete
OZX58_RS07145,NZ_CP113945.1,1479036,1480007,+,972,100.0,99.98026224758063,99.98618357330643,complete
WP_277130417.1,NZ_CP113945.1,1479036,1480007,+,972,100.0,99.98026224758063,99.98618357330643,complete
OZX58_RS07150,NZ_CP113945.1,1480037,1480942,+,906,100.0,99.98026224758061,99.98618357330642,complete
WP_277140818.1,NZ_CP113945.1,1480037,1480942,+,906,100.0,99.98026224758061,99.98618357330642,complete
OZX58_RS07155,NZ_CP113945.1,1480920,1481723,+,804,100.0,99.98026224758061,99.98618357330642,complete
WP_277130413.1,NZ_CP113945.1,1480920,1481723,+,804,100.0,99.98026224758061,99.98618357330642,complete
OZX58_RS07160,NZ_CP113945.1,1481909,1482349,+,441,100.0,99.98026224758063,99.98618357330643,complete
WP_277140819.1,NZ_CP113945.1,1481909,1482349,+,441,100.0,99.98026224758063,99.98618357330643,complete
OZX58_RS07165,NZ_CP113945.1,1482351,1483763,-,1413,100.0,99.98026224758061,99.98618357330642,complete
WP_277140820.1,NZ_CP113945.1,1482351,1483763,-,1413,100.0,99.98026224758061,99.98618357330642,complete
OZX58_RS07170,NZ_CP113945.1,1483774,1484877,-,1104,100.0,99.98026224758061,99.98618357330642,complete
WP_277140821.1,NZ_CP113945.1,1483774,1484877,-,1104,100.0,99.98026224758061,99.98618357330642,complete
OZX58_RS07175,NZ_CP113945.1,1484914,1485651,-,738,100.0,99.98026224758064,99.98618357330645,complete
WP_277140822.1,NZ_CP113945.1,1484914,1485651,-,738,100.0,99.98026224758064,99.98618357330645,complete
OZX58_RS07180,NZ_CP113945.1,1485663,1486148,-,486,100.0,99.98026224758061,99.98618357330642,complete
WP_277140823.1,NZ_CP113945.1,1485663,1486148,-,486,100.0,99.98026224758061,99.98618357330642,complete
pssD,NZ_CP113945.1,1486148,1486597,-,450,100.0,99.98026224758063,99.98618357330643,complete
WP_277140824.1,NZ_CP113945.1,1486148,1486597,-,450,100.0,99.98026224758063,99.98618357330643,complete
OZX58_RS07190,NZ_CP113945.1,1486616,1487275,-,660,100.0,99.98026224758063,99.98618357330643,complete
WP_277140825.1,NZ_CP113945.1,1486616,1487275,-,660,100.0,99.98026224758063,99.98618357330643,complete
OZX58_RS07195,NZ_CP113945.1,1487439,1488134,-,696,100.0,99.98026224758063,99.98618357330643,complete
WP_277140826.1,NZ_CP113945.1,1487439,1488134,-,696,100.0,99.98026224758063,99.98618357330643,complete
OZX58_RS07200,NZ_CP113945.1,1488157,1488879,-,723,100.0,99.98026224758061,99.98618357330642,complete
WP_277140827.1,NZ_CP113945.1,1488157,1488879,-,723,100.0,99.98026224758061,99.98618357330642,complete
OZX58_RS07205,NZ_CP113945.1,1489185,1490021,-,837,100.0,99.98026224758063,99.98618357330643,complete
WP_277140828.1,NZ_CP113945.1,1489185,1490021,-,837,100.0,99.98026224758063,99.98618357330643,complete
OZX58_RS07210,NZ_CP113945.1,1490119,1491267,-,1149,100.0,99.98026224758061,99.98618357330642,complete
WP_277140829.1,NZ_CP113945.1,1490119,1491267,-,1149,100.0,99.98026224758061,99.98618357330642,complete
OZX58_RS07215,NZ_CP113945.1,1491278,1492027,-,750,100.0,99.98026224758063,99.98618357330643,complete
WP_277130393.1,NZ_CP113945.1,1491278,1492027,-,750,100.0,99.98026224758063,99.98618357330643,complete
OZX58_RS07220,NZ_CP113945.1,1492020,1493519,-,1500,100.0,99.98026224758061,99.98618357330642,complete
WP_277140830.1,NZ_CP113945.1,1492020,1493519,-,1500,100.0,99.98026224758061,99.98618357330642,complete
OZX58_RS07225,NZ_CP113945.1,1493991,1495220,-,1230,100.0,99.98026224758061,99.98618357330642,complete
WP_277130389.1,NZ_CP113945.1,1493991,1495220,-,1230,100.0,99.98026224758061,99.98618357330642,complete
OZX58_RS07230,NZ_CP113945.1,1495390,1496187,-,798,100.0,99.98026224758061,99.98618357330642,complete
WP_277140831.1,NZ_CP113945.1,1495390,1496187,-,798,100.0,99.98026224758061,99.98618357330642,complete
OZX58_RS07235,NZ_CP113945.1,1496187,1496807,-,621,100.0,99.98026224758063,99.98618357330643,complete
WP_277141778.1,NZ_CP113945.1,1496187,1496807,-,621,100.0,99.98026224758063,99.98618357330643,complete
OZX58_RS07240,NZ_CP113945.1,1496865,1497986,-,1122,100.0,99.98026224758061,99.98618357330642,complete
WP_277140832.1,NZ_CP113945.1,1496865,1497986,-,1122,100.0,99.98026224758061,99.98618357330642,complete
OZX58_RS07245,NZ_CP113945.1,1498006,1498887,-,882,100.0,99.98026224758063,99.98618357330643,complete
WP_277140833.1,NZ_CP113945.1,1498006,1498887,-,882,100.0,99.98026224758063,99.98618357330643,complete
OZX58_RS07250,NZ_CP113945.1,1499274,1499705,+,432,100.0,99.98026224758063,99.98618357330643,complete
WP_277140834.1,NZ_CP113945.1,1499274,1499705,+,432,100.0,99.98026224758063,99.98618357330643,complete
OZX58_RS07255,NZ_CP113945.1,1499748,1501685,-,1938,100.0,99.98026224758063,99.98618357330643,complete
WP_277140835.1,NZ_CP113945.1,1499748,1501685,-,1938,100.0,99.98026224758063,99.98618357330643,complete
pfkB,NZ_CP113945.1,1501701,1502615,-,915,100.0,99.98026224758063,99.98618357330643,complete
WP_277140836.1,NZ_CP113945.1,1501701,1502615,-,915,100.0,99.98026224758063,99.98618357330643,complete
OZX58_RS07265,NZ_CP113945.1,1502615,1503370,-,756,100.0,99.98026224758061,99.98618357330642,complete
WP_277140837.1,NZ_CP113945.1,1502615,1503370,-,756,100.0,99.98026224758061,99.98618357330642,complete
OZX58_RS07270,NZ_CP113945.1,1503512,1504702,-,1191,100.0,99.98026224758061,99.98618357330642,complete
WP_277140838.1,NZ_CP113945.1,1503512,1504702,-,1191,100.0,99.98026224758061,99.98618357330642,complete
OZX58_RS07275,NZ_CP113945.1,1504840,1506195,+,1356,100.0,99.98026224758061,99.98618357330642,complete
WP_277130372.1,NZ_CP113945.1,1504840,1506195,+,1356,100.0,99.98026224758061,99.98618357330642,complete
OZX58_RS07280,NZ_CP113945.1,1506360,1507085,-,726,100.0,99.98026224758063,99.98618357330643,complete
WP_277130370.1,NZ_CP113945.1,1506360,1507085,-,726,100.0,99.98026224758063,99.98618357330643,complete
OZX58_RS07285,NZ_CP113945.1,1507085,1507528,-,444,100.0,99.98026224758061,99.98618357330642,complete
WP_277130368.1,NZ_CP113945.1,1507085,1507528,-,444,100.0,99.98026224758061,99.98618357330642,complete
OZX58_RS07290,NZ_CP113945.1,1507675,1508418,-,744,100.0,99.98026224758063,99.98618357330643,complete
WP_277140839.1,NZ_CP113945.1,1507675,1508418,-,744,100.0,99.98026224758063,99.98618357330643,complete
OZX58_RS07295,NZ_CP113945.1,1508435,1510198,-,1764,100.0,99.98026224758063,99.98618357330643,complete
WP_277140840.1,NZ_CP113945.1,1508435,1510198,-,1764,100.0,99.98026224758063,99.98618357330643,complete
OZX58_RS07300,NZ_CP113945.1,1510363,1511112,-,750,100.0,99.98026224758063,99.98618357330643,complete
WP_277140841.1,NZ_CP113945.1,1510363,1511112,-,750,100.0,99.98026224758063,99.98618357330643,complete
OZX58_RS07305,NZ_CP113945.1,1511269,1512672,-,1404,100.0,99.98026224758061,99.98618357330642,complete
WP_277140842.1,NZ_CP113945.1,1511269,1512672,-,1404,100.0,99.98026224758061,99.98618357330642,complete
OZX58_RS07310,NZ_CP113945.1,1512724,1513176,-,453,100.0,99.98026224758061,99.98618357330642,complete
WP_277130358.1,NZ_CP113945.1,1512724,1513176,-,453,100.0,99.98026224758061,99.98618357330642,complete
mmuM,NZ_CP113945.1,1513344,1514264,+,921,100.0,99.98026224758063,99.98618357330643,complete
WP_277140843.1,NZ_CP113945.1,1513344,1514264,+,921,100.0,99.98026224758063,99.98618357330643,complete
OZX58_RS07320,NZ_CP113945.1,1514344,1514556,+,213,100.0,99.98026224758061,99.98618357330642,complete
WP_277140844.1,NZ_CP113945.1,1514344,1514556,+,213,100.0,99.98026224758061,99.98618357330642,complete
OZX58_RS07325,NZ_CP113945.1,1514610,1516055,-,1446,100.0,99.98026224758061,99.98618357330642,complete
WP_277140845.1,NZ_CP113945.1,1514610,1516055,-,1446,100.0,99.98026224758061,99.98618357330642,complete
OZX58_RS07330,NZ_CP113945.1,1516124,1517986,-,1863,100.0,99.98026224758061,99.98618357330642,complete
WP_277140846.1,NZ_CP113945.1,1516124,1517986,-,1863,100.0,99.98026224758061,99.98618357330642,complete
OZX58_RS07335,NZ_CP113945.1,1518011,1519225,-,1215,100.0,99.98026224758061,99.98618357330642,complete
WP_277130349.1,NZ_CP113945.1,1518011,1519225,-,1215,100.0,99.98026224758061,99.98618357330642,complete
OZX58_RS07340,NZ_CP113945.1,1519254,1520738,-,1485,100.0,99.98026224758064,99.98618357330645,complete
WP_277130347.1,NZ_CP113945.1,1519254,1520738,-,1485,100.0,99.98026224758064,99.98618357330645,complete
OZX58_RS07345,NZ_CP113945.1,1520952,1521857,-,906,100.0,99.98026224758061,99.98618357330642,complete
WP_277140847.1,NZ_CP113945.1,1520952,1521857,-,906,100.0,99.98026224758061,99.98618357330642,complete
OZX58_RS07350,NZ_CP113945.1,1521973,1523166,-,1194,100.0,99.98026224758063,99.98618357330643,complete
WP_277140848.1,NZ_CP113945.1,1521973,1523166,-,1194,100.0,99.98026224758063,99.98618357330643,complete
OZX58_RS07355,NZ_CP113945.1,1523190,1524383,-,1194,100.0,99.98026224758063,99.98618357330643,complete
WP_277140849.1,NZ_CP113945.1,1523190,1524383,-,1194,100.0,99.98026224758063,99.98618357330643,complete
OZX58_RS07360,NZ_CP113945.1,1524518,1525402,-,885,100.0,99.98026224758063,99.98618357330643,complete
WP_277130340.1,NZ_CP113945.1,1524518,1525402,-,885,100.0,99.98026224758063,99.98618357330643,complete
OZX58_RS07365,NZ_CP113945.1,1525416,1526837,-,1422,100.0,99.98026224758061,99.98618357330642,complete
WP_277140850.1,NZ_CP113945.1,1525416,1526837,-,1422,100.0,99.98026224758061,99.98618357330642,complete
OZX58_RS07370,NZ_CP113945.1,1526862,1527164,-,303,100.0,99.98026224758061,99.98618357330642,complete
WP_277130336.1,NZ_CP113945.1,1526862,1527164,-,303,100.0,99.98026224758061,99.98618357330642,complete
OZX58_RS07375,NZ_CP113945.1,1527352,1528272,+,921,100.0,99.98026224758063,99.98618357330643,complete
WP_277140851.1,NZ_CP113945.1,1527352,1528272,+,921,100.0,99.98026224758063,99.98618357330643,complete
OZX58_RS07380,NZ_CP113945.1,1528298,1529491,+,1194,100.0,99.98026224758063,99.98618357330643,complete
WP_277140852.1,NZ_CP113945.1,1528298,1529491,+,1194,100.0,99.98026224758063,99.98618357330643,complete
OZX58_RS07385,NZ_CP113945.1,1529558,1530247,-,690,100.0,99.9802622475806,99.98618357330642,complete
WP_277130331.1,NZ_CP113945.1,1529558,1530247,-,690,100.0,99.9802622475806,99.98618357330642,complete
OZX58_RS07390,NZ_CP113945.1,1530405,1531187,+,783,100.0,99.98026224758063,99.98618357330643,complete
WP_277140853.1,NZ_CP113945.1,1530405,1531187,+,783,100.0,99.98026224758063,99.98618357330643,complete
OZX58_RS07395,NZ_CP113945.1,1531350,1532114,+,765,100.0,99.98026224758061,99.98618357330642,complete
WP_277140854.1,NZ_CP113945.1,1531350,1532114,+,765,100.0,99.98026224758061,99.98618357330642,complete
OZX58_RS07400,NZ_CP113945.1,1532224,1533189,+,966,100.0,99.98026224758061,99.98618357330642,complete
WP_277140855.1,NZ_CP113945.1,1532224,1533189,+,966,100.0,99.98026224758061,99.98618357330642,complete
OZX58_RS07405,NZ_CP113945.1,1533229,1534071,-,843,100.0,99.98026224758063,99.98618357330643,complete
WP_277140856.1,NZ_CP113945.1,1533229,1534071,-,843,100.0,99.98026224758063,99.98618357330643,complete
OZX58_RS07410,NZ_CP113945.1,1534193,1535344,-,1152,100.0,99.98026224758061,99.98618357330642,complete
WP_277140857.1,NZ_CP113945.1,1534193,1535344,-,1152,100.0,99.98026224758061,99.98618357330642,complete
OZX58_RS07415,NZ_CP113945.1,1535376,1536596,-,1221,100.0,99.98026224758061,99.98618357330642,complete
WP_277140858.1,NZ_CP113945.1,1535376,1536596,-,1221,100.0,99.98026224758061,99.98618357330642,complete
OZX58_RS07420,NZ_CP113945.1,1536705,1537211,-,507,100.0,99.98026224758063,99.98618357330643,complete
WP_277140859.1,NZ_CP113945.1,1536705,1537211,-,507,100.0,99.98026224758063,99.98618357330643,complete
OZX58_RS07425,NZ_CP113945.1,1537443,1538282,-,840,100.0,99.98026224758061,99.98618357330642,complete
WP_277140860.1,NZ_CP113945.1,1537443,1538282,-,840,100.0,99.98026224758061,99.98618357330642,complete
OZX58_RS07430,NZ_CP113945.1,1538434,1541124,-,2691,100.0,99.9802622475806,99.98618357330642,complete
WP_277140861.1,NZ_CP113945.1,1538434,1541124,-,2691,100.0,99.9802622475806,99.98618357330642,complete
OZX58_RS07435,NZ_CP113945.1,1541320,1542864,-,1545,100.0,99.98026224758064,99.98618357330645,complete
WP_277140862.1,NZ_CP113945.1,1541320,1542864,-,1545,100.0,99.98026224758064,99.98618357330645,complete
OZX58_RS07440,NZ_CP113945.1,1543012,1544796,-,1785,100.0,99.98026224758061,99.98618357330642,complete
WP_277140863.1,NZ_CP113945.1,1543012,1544796,-,1785,100.0,99.98026224758061,99.98618357330642,complete
OZX58_RS07445,NZ_CP113945.1,1545714,1545989,-,276,100.0,99.98026224758061,99.98618357330642,complete
WP_277140864.1,NZ_CP113945.1,1545714,1545989,-,276,100.0,99.98026224758061,99.98618357330642,complete
OZX58_RS07450,NZ_CP113945.1,1546033,1546251,-,219,100.0,99.98026224758061,99.98618357330642,complete
WP_277140865.1,NZ_CP113945.1,1546033,1546251,-,219,100.0,99.98026224758061,99.98618357330642,complete
OZX58_RS07455,NZ_CP113945.1,1546679,1547539,-,861,100.0,99.98026224758063,99.98618357330643,complete
WP_277130306.1,NZ_CP113945.1,1546679,1547539,-,861,100.0,99.98026224758063,99.98618357330643,complete
OZX58_RS07460,NZ_CP113945.1,1547660,1548613,-,954,100.0,99.98026224758063,99.98618357330643,complete
WP_277140866.1,NZ_CP113945.1,1547660,1548613,-,954,100.0,99.98026224758063,99.98618357330643,complete
OZX58_RS07465,NZ_CP113945.1,1548626,1549441,-,816,100.0,99.98026224758061,99.98618357330642,complete
WP_277140868.1,NZ_CP113945.1,1548626,1549441,-,816,100.0,99.98026224758061,99.98618357330642,complete
OZX58_RS07470,NZ_CP113945.1,1549453,1550088,-,636,100.0,99.98026224758063,99.98618357330643,complete
WP_277130300.1,NZ_CP113945.1,1549453,1550088,-,636,100.0,99.98026224758063,99.98618357330643,complete
OZX58_RS07475,NZ_CP113945.1,1550100,1550549,-,450,100.0,99.98026224758063,99.98618357330643,complete
WP_277140869.1,NZ_CP113945.1,1550100,1550549,-,450,100.0,99.98026224758063,99.98618357330643,complete
OZX58_RS07480,NZ_CP113945.1,1550649,1551398,-,750,100.0,99.98026224758063,99.98618357330643,complete
WP_277140870.1,NZ_CP113945.1,1550649,1551398,-,750,100.0,99.98026224758063,99.98618357330643,complete
OZX58_RS07485,NZ_CP113945.1,1551567,1552481,+,915,100.0,99.98026224758063,99.98618357330643,complete
WP_277140871.1,NZ_CP113945.1,1551567,1552481,+,915,100.0,99.98026224758063,99.98618357330643,complete
OZX58_RS07490,NZ_CP113945.1,1552530,1553195,-,666,100.0,99.98026224758063,99.98618357330643,complete
WP_277141779.1,NZ_CP113945.1,1552530,1553195,-,666,100.0,99.98026224758063,99.98618357330643,complete
OZX58_RS07495,NZ_CP113945.1,1553380,1554243,+,864,100.0,99.98026224758063,99.98618357330643,complete
WP_277140872.1,NZ_CP113945.1,1553380,1554243,+,864,100.0,99.98026224758063,99.98618357330643,complete
OZX58_RS07500,NZ_CP113945.1,1554471,1554893,+,423,100.0,99.9802622475806,99.98618357330642,complete
WP_277130290.1,NZ_CP113945.1,1554471,1554893,+,423,100.0,99.9802622475806,99.98618357330642,complete
OZX58_RS07505,NZ_CP113945.1,1555012,1557039,+,2028,100.0,99.98026224758063,99.98618357330643,complete
WP_277140873.1,NZ_CP113945.1,1555012,1557039,+,2028,100.0,99.98026224758063,99.98618357330643,complete
OZX58_RS07510,NZ_CP113945.1,1557572,1559521,-,1950,100.0,99.98026224758063,99.98618357330643,complete
WP_277140874.1,NZ_CP113945.1,1557572,1559521,-,1950,100.0,99.98026224758063,99.98618357330643,complete
OZX58_RS07515,NZ_CP113945.1,1559612,1560832,-,1221,100.0,99.98026224758061,99.98618357330642,complete
WP_277140875.1,NZ_CP113945.1,1559612,1560832,-,1221,100.0,99.98026224758061,99.98618357330642,complete
OZX58_RS07520,NZ_CP113945.1,1560942,1562216,-,1275,100.0,99.98026224758061,99.98618357330642,complete
WP_277140876.1,NZ_CP113945.1,1560942,1562216,-,1275,100.0,99.98026224758061,99.98618357330642,complete
asnB,NZ_CP113945.1,1562230,1564179,-,1950,100.0,99.98026224758063,99.98618357330643,complete
WP_277140877.1,NZ_CP113945.1,1562230,1564179,-,1950,100.0,99.98026224758063,99.98618357330643,complete
OZX58_RS07530,NZ_CP113945.1,1564288,1565685,-,1398,100.0,99.98026224758063,99.98618357330643,complete
WP_277140878.1,NZ_CP113945.1,1564288,1565685,-,1398,100.0,99.98026224758063,99.98618357330643,complete
OZX58_RS07535,NZ_CP113945.1,1565737,1566222,-,486,100.0,99.98026224758061,99.98618357330642,complete
WP_277130277.1,NZ_CP113945.1,1565737,1566222,-,486,100.0,99.98026224758061,99.98618357330642,complete
arcC,NZ_CP113945.1,1566388,1567329,-,942,100.0,99.98026224758061,99.98618357330642,complete
WP_277140879.1,NZ_CP113945.1,1566388,1567329,-,942,100.0,99.98026224758061,99.98618357330642,complete
OZX58_RS07545,NZ_CP113945.1,1567354,1568772,-,1419,100.0,99.98026224758063,99.98618357330643,complete
WP_277140880.1,NZ_CP113945.1,1567354,1568772,-,1419,100.0,99.98026224758063,99.98618357330643,complete
argF,NZ_CP113945.1,1568884,1569924,-,1041,100.0,99.98026224758063,99.98618357330643,complete
WP_277130271.1,NZ_CP113945.1,1568884,1569924,-,1041,100.0,99.98026224758063,99.98618357330643,complete
arcA,NZ_CP113945.1,1569952,1571181,-,1230,100.0,99.98026224758061,99.98618357330642,complete
WP_277140881.1,NZ_CP113945.1,1569952,1571181,-,1230,100.0,99.98026224758061,99.98618357330642,complete
OZX58_RS07560,NZ_CP113945.1,1571347,1571997,+,651,100.0,99.98026224758061,99.98618357330642,complete
WP_277140882.1,NZ_CP113945.1,1571347,1571997,+,651,100.0,99.98026224758061,99.98618357330642,complete
OZX58_RS07565,NZ_CP113945.1,1572240,1573637,+,1398,100.0,99.98026224758063,99.98618357330643,complete
WP_277140883.1,NZ_CP113945.1,1572240,1573637,+,1398,100.0,99.98026224758063,99.98618357330643,complete
OZX58_RS07570,NZ_CP113945.1,1573699,1574745,-,1047,100.0,99.98026224758063,99.98618357330643,complete
WP_277140884.1,NZ_CP113945.1,1573699,1574745,-,1047,100.0,99.98026224758063,99.98618357330643,complete
OZX58_RS07575,NZ_CP113945.1,1574907,1575473,+,567,100.0,99.98026224758063,99.98618357330643,complete
WP_277140885.1,NZ_CP113945.1,1574907,1575473,+,567,100.0,99.98026224758063,99.98618357330643,complete
OZX58_RS07580,NZ_CP113945.1,1575654,1575809,-,156,100.0,99.98026224758061,99.98618357330642,complete
WP_277140886.1,NZ_CP113945.1,1575654,1575809,-,156,100.0,99.98026224758061,99.98618357330642,complete
phnE,NZ_CP113945.1,1576025,1576837,-,813,100.0,99.98026224758061,99.98618357330642,complete
WP_277140887.1,NZ_CP113945.1,1576025,1576837,-,813,100.0,99.98026224758061,99.98618357330642,complete
phnE,NZ_CP113945.1,1576837,1577640,-,804,100.0,99.98026224758061,99.98618357330642,complete
WP_277130259.1,NZ_CP113945.1,1576837,1577640,-,804,100.0,99.98026224758061,99.98618357330642,complete
phnC,NZ_CP113945.1,1577633,1578406,-,774,100.0,99.98026224758063,99.98618357330643,complete
WP_277140888.1,NZ_CP113945.1,1577633,1578406,-,774,100.0,99.98026224758063,99.98618357330643,complete
OZX58_RS07600,NZ_CP113945.1,1578428,1579354,-,927,100.0,99.98026224758061,99.98618357330642,complete
WP_277130253.1,NZ_CP113945.1,1578428,1579354,-,927,100.0,99.98026224758061,99.98618357330642,complete
OZX58_RS07605,NZ_CP113945.1,1579371,1579529,-,159,100.0,99.9802622475806,99.98618357330642,complete
WP_277130250.1,NZ_CP113945.1,1579371,1579529,-,159,100.0,99.9802622475806,99.98618357330642,complete
OZX58_RS07610,NZ_CP113945.1,1579927,1580406,-,480,100.0,99.98026224758063,99.98618357330643,complete
WP_277130247.1,NZ_CP113945.1,1579927,1580406,-,480,100.0,99.98026224758063,99.98618357330643,complete
OZX58_RS07615,NZ_CP113945.1,1580550,1581350,+,801,100.0,99.98026224758061,99.98618357330642,complete
WP_277140889.1,NZ_CP113945.1,1580550,1581350,+,801,100.0,99.98026224758061,99.98618357330642,complete
OZX58_RS07620,NZ_CP113945.1,1581370,1581846,+,477,100.0,99.98026224758061,99.98618357330642,complete
WP_277130241.1,NZ_CP113945.1,1581370,1581846,+,477,100.0,99.98026224758061,99.98618357330642,complete
nagA,NZ_CP113945.1,1581889,1583043,-,1155,100.0,99.98026224758063,99.98618357330643,complete
WP_277140890.1,NZ_CP113945.1,1581889,1583043,-,1155,100.0,99.98026224758063,99.98618357330643,complete
OZX58_RS07630,NZ_CP113945.1,1583196,1586189,+,2994,100.0,99.98026224758063,99.98618357330643,complete
WP_277140891.1,NZ_CP113945.1,1583196,1586189,+,2994,100.0,99.98026224758063,99.98618357330643,complete
OZX58_RS07635,NZ_CP113945.1,1586403,1588412,+,2010,100.0,99.98026224758063,99.98618357330643,complete
WP_277140892.1,NZ_CP113945.1,1586403,1588412,+,2010,100.0,99.98026224758063,99.98618357330643,complete
OZX58_RS07640,NZ_CP113945.1,1588417,1589262,-,846,100.0,99.98026224758063,99.98618357330643,complete
WP_277140893.1,NZ_CP113945.1,1588417,1589262,-,846,100.0,99.98026224758063,99.98618357330643,complete
OZX58_RS07645,NZ_CP113945.1,1589393,1590652,+,1260,100.0,99.98026224758061,99.98618357330642,complete
WP_277140894.1,NZ_CP113945.1,1589393,1590652,+,1260,100.0,99.98026224758061,99.98618357330642,complete
OZX58_RS07650,NZ_CP113945.1,1590686,1590970,-,285,100.0,99.98026224758061,99.98618357330642,complete
WP_277140895.1,NZ_CP113945.1,1590686,1590970,-,285,100.0,99.98026224758061,99.98618357330642,complete
OZX58_RS07655,NZ_CP113945.1,1591035,1591970,-,936,100.0,99.98026224758061,99.98618357330642,complete
WP_277140896.1,NZ_CP113945.1,1591035,1591970,-,936,100.0,99.98026224758061,99.98618357330642,complete
OZX58_RS07660,NZ_CP113945.1,1592106,1593347,+,1242,100.0,99.98026224758063,99.98618357330643,complete
WP_277141781.1,NZ_CP113945.1,1592106,1593347,+,1242,100.0,99.98026224758063,99.98618357330643,complete
OZX58_RS07665,NZ_CP113945.1,1593425,1594252,-,828,100.0,99.98026224758061,99.98618357330642,complete
WP_277140897.1,NZ_CP113945.1,1593425,1594252,-,828,100.0,99.98026224758061,99.98618357330642,complete
OZX58_RS07670,NZ_CP113945.1,1594266,1595711,-,1446,100.0,99.98026224758061,99.98618357330642,complete
WP_277130220.1,NZ_CP113945.1,1594266,1595711,-,1446,100.0,99.98026224758061,99.98618357330642,complete
OZX58_RS07675,NZ_CP113945.1,1595733,1597700,-,1968,100.0,99.98026224758064,99.98618357330645,complete
WP_277130219.1,NZ_CP113945.1,1595733,1597700,-,1968,100.0,99.98026224758064,99.98618357330645,complete
OZX58_RS07680,NZ_CP113945.1,1597830,1598717,-,888,100.0,99.98026224758061,99.98618357330642,complete
WP_277140898.1,NZ_CP113945.1,1597830,1598717,-,888,100.0,99.98026224758061,99.98618357330642,complete
OZX58_RS07685,NZ_CP113945.1,1598955,1599542,-,588,100.0,99.98026224758061,99.98618357330642,complete
WP_277130214.1,NZ_CP113945.1,1598955,1599542,-,588,100.0,99.98026224758061,99.98618357330642,complete
OZX58_RS07690,NZ_CP113945.1,1599554,1600924,-,1371,100.0,99.9802622475806,99.98618357330642,complete
WP_277140899.1,NZ_CP113945.1,1599554,1600924,-,1371,100.0,99.9802622475806,99.98618357330642,complete
OZX58_RS07695,NZ_CP113945.1,1601215,1602438,+,1224,100.0,99.98026224758063,99.98618357330643,complete
WP_277140900.1,NZ_CP113945.1,1601215,1602438,+,1224,100.0,99.98026224758063,99.98618357330643,complete
OZX58_RS07700,NZ_CP113945.1,1602465,1603538,+,1074,100.0,99.98026224758061,99.98618357330642,complete
WP_277140901.1,NZ_CP113945.1,1602465,1603538,+,1074,100.0,99.98026224758061,99.98618357330642,complete
OZX58_RS07705,NZ_CP113945.1,1603595,1604095,-,501,100.0,99.98026224758064,99.98618357330645,complete
WP_277130206.1,NZ_CP113945.1,1603595,1604095,-,501,100.0,99.98026224758064,99.98618357330645,complete
OZX58_RS07710,NZ_CP113945.1,1604095,1604868,-,774,100.0,99.98026224758063,99.98618357330643,complete
WP_277130204.1,NZ_CP113945.1,1604095,1604868,-,774,100.0,99.98026224758063,99.98618357330643,complete
glpK,NZ_CP113945.1,1604902,1606404,-,1503,100.0,99.98026224758061,99.98618357330642,complete
WP_277140902.1,NZ_CP113945.1,1604902,1606404,-,1503,100.0,99.98026224758061,99.98618357330642,complete
thiD,NZ_CP113945.1,1606545,1607357,+,813,100.0,99.98026224758061,99.98618357330642,complete
WP_277140903.1,NZ_CP113945.1,1606545,1607357,+,813,100.0,99.98026224758061,99.98618357330642,complete
OZX58_RS07725,NZ_CP113945.1,1607394,1607984,-,591,100.0,99.98026224758061,99.98618357330642,complete
WP_277140904.1,NZ_CP113945.1,1607394,1607984,-,591,100.0,99.98026224758061,99.98618357330642,complete
OZX58_RS07730,NZ_CP113945.1,1608209,1608874,+,666,100.0,99.98026224758063,99.98618357330643,complete
WP_277140905.1,NZ_CP113945.1,1608209,1608874,+,666,100.0,99.98026224758063,99.98618357330643,complete
OZX58_RS07735,NZ_CP113945.1,1608940,1610694,-,1755,100.0,99.98026224758063,99.98618357330643,complete
WP_277140906.1,NZ_CP113945.1,1608940,1610694,-,1755,100.0,99.98026224758063,99.98618357330643,complete
cas6e,NZ_CP113945.1,1610854,1611477,-,624,100.0,99.98026224758061,99.98618357330642,complete
WP_277130191.1,NZ_CP113945.1,1610854,1611477,-,624,100.0,99.98026224758061,99.98618357330642,complete
cas7e,NZ_CP113945.1,1611525,1612610,-,1086,100.0,99.98026224758061,99.98618357330642,complete
WP_277140907.1,NZ_CP113945.1,1611525,1612610,-,1086,100.0,99.98026224758061,99.98618357330642,complete
cas2e,NZ_CP113945.1,1614866,1615762,-,897,100.0,99.98026224758061,99.98618357330642,complete
WP_277140908.1,NZ_CP113945.1,1614866,1615762,-,897,100.0,99.98026224758061,99.98618357330642,complete
cas1e,NZ_CP113945.1,1615759,1616709,-,951,100.0,99.98026224758063,99.98618357330643,complete
WP_277140909.1,NZ_CP113945.1,1615759,1616709,-,951,100.0,99.98026224758063,99.98618357330643,complete
cas6e,NZ_CP113945.1,1616709,1617347,-,639,100.0,99.98026224758061,99.98618357330642,complete
WP_277140910.1,NZ_CP113945.1,1616709,1617347,-,639,100.0,99.98026224758061,99.98618357330642,complete
cas5e,NZ_CP113945.1,1617360,1618064,-,705,100.0,99.98026224758063,99.98618357330643,complete
WP_277140911.1,NZ_CP113945.1,1617360,1618064,-,705,100.0,99.98026224758063,99.98618357330643,complete
cas7e,NZ_CP113945.1,1618045,1619145,-,1101,100.0,99.98026224758061,99.98618357330642,complete
WP_277140912.1,NZ_CP113945.1,1618045,1619145,-,1101,100.0,99.98026224758061,99.98618357330642,complete
casB,NZ_CP113945.1,1619151,1619762,-,612,100.0,99.98026224758063,99.98618357330643,complete
WP_277140913.1,NZ_CP113945.1,1619151,1619762,-,612,100.0,99.98026224758063,99.98618357330643,complete
OZX58_RS07780,NZ_CP113945.1,1619771,1621474,-,1704,100.0,99.98026224758063,99.98618357330643,complete
WP_277140914.1,NZ_CP113945.1,1619771,1621474,-,1704,100.0,99.98026224758063,99.98618357330643,complete
cas3,NZ_CP113945.1,1621467,1624226,-,2760,100.0,99.9802622475806,99.98618357330642,complete
WP_277140915.1,NZ_CP113945.1,1621467,1624226,-,2760,100.0,99.9802622475806,99.98618357330642,complete
OZX58_RS07790,NZ_CP113945.1,1625561,1626556,-,996,100.0,99.98026224758063,99.98618357330643,complete
WP_277140916.1,NZ_CP113945.1,1625561,1626556,-,996,100.0,99.98026224758063,99.98618357330643,complete
OZX58_RS07795,NZ_CP113945.1,1627477,1627857,-,381,100.0,99.98026224758061,99.98618357330642,complete
WP_277140917.1,NZ_CP113945.1,1627477,1627857,-,381,100.0,99.98026224758061,99.98618357330642,complete
OZX58_RS07800,NZ_CP113945.1,1627854,1628039,-,186,100.0,99.98026224758063,99.98618357330643,complete
WP_277140918.1,NZ_CP113945.1,1627854,1628039,-,186,100.0,99.98026224758063,99.98618357330643,complete
OZX58_RS07805,NZ_CP113945.1,1630028,1630939,-,912,100.0,99.98026224758063,99.98618357330643,complete
WP_277140919.1,NZ_CP113945.1,1630028,1630939,-,912,100.0,99.98026224758063,99.98618357330643,complete
tenA,NZ_CP113945.1,1631051,1631713,-,663,100.0,99.98026224758061,99.98618357330642,complete
WP_277140920.1,NZ_CP113945.1,1631051,1631713,-,663,100.0,99.98026224758061,99.98618357330642,complete
OZX58_RS07815,NZ_CP113945.1,1632215,1633180,+,966,100.0,99.98026224758061,99.98618357330642,complete
WP_277130166.1,NZ_CP113945.1,1632215,1633180,+,966,100.0,99.98026224758061,99.98618357330642,complete
thiM,NZ_CP113945.1,1633506,1634294,+,789,100.0,99.98026224758063,99.98618357330643,complete
WP_277140921.1,NZ_CP113945.1,1633506,1634294,+,789,100.0,99.98026224758063,99.98618357330643,complete
thiD,NZ_CP113945.1,1634306,1635109,+,804,100.0,99.98026224758061,99.98618357330642,complete
WP_277140922.1,NZ_CP113945.1,1634306,1635109,+,804,100.0,99.98026224758061,99.98618357330642,complete
thiE,NZ_CP113945.1,1635123,1635779,+,657,100.0,99.98026224758063,99.98618357330643,complete
WP_277140923.1,NZ_CP113945.1,1635123,1635779,+,657,100.0,99.98026224758063,99.98618357330643,complete
OZX58_RS07835,NZ_CP113945.1,1635829,1636251,-,423,100.0,99.9802622475806,99.98618357330642,complete
WP_277140924.1,NZ_CP113945.1,1635829,1636251,-,423,100.0,99.9802622475806,99.98618357330642,complete
OZX58_RS07840,NZ_CP113945.1,1636254,1636460,-,207,100.0,99.98026224758061,99.98618357330642,complete
WP_277140925.1,NZ_CP113945.1,1636254,1636460,-,207,100.0,99.98026224758061,99.98618357330642,complete
OZX58_RS07845,NZ_CP113945.1,1636623,1637105,-,483,100.0,99.98026224758061,99.98618357330642,complete
WP_277140926.1,NZ_CP113945.1,1636623,1637105,-,483,100.0,99.98026224758061,99.98618357330642,complete
OZX58_RS07850,NZ_CP113945.1,1637111,1637449,-,339,100.0,99.98026224758061,99.98618357330642,complete
WP_277140927.1,NZ_CP113945.1,1637111,1637449,-,339,100.0,99.98026224758061,99.98618357330642,complete
OZX58_RS07855,NZ_CP113945.1,1637577,1638392,-,816,100.0,99.98026224758061,99.98618357330642,complete
WP_277140928.1,NZ_CP113945.1,1637577,1638392,-,816,100.0,99.98026224758061,99.98618357330642,complete
OZX58_RS07860,NZ_CP113945.1,1638494,1640113,-,1620,100.0,99.98026224758061,99.98618357330642,complete
WP_277140929.1,NZ_CP113945.1,1638494,1640113,-,1620,100.0,99.98026224758061,99.98618357330642,complete
OZX58_RS07865,NZ_CP113945.1,1640134,1641477,-,1344,100.0,99.98026224758061,99.98618357330642,complete
WP_277140930.1,NZ_CP113945.1,1640134,1641477,-,1344,100.0,99.98026224758061,99.98618357330642,complete
OZX58_RS07870,NZ_CP113945.1,1641745,1642506,-,762,100.0,99.98026224758061,99.98618357330642,complete
WP_277140931.1,NZ_CP113945.1,1641745,1642506,-,762,100.0,99.98026224758061,99.98618357330642,complete
OZX58_RS07875,NZ_CP113945.1,1642506,1642961,-,456,100.0,99.98026224758063,99.98618357330643,complete
WP_277130146.1,NZ_CP113945.1,1642506,1642961,-,456,100.0,99.98026224758063,99.98618357330643,complete
purB,NZ_CP113945.1,1643109,1644404,-,1296,100.0,99.98026224758063,99.98618357330643,complete
WP_277141783.1,NZ_CP113945.1,1643109,1644404,-,1296,100.0,99.98026224758063,99.98618357330643,complete
OZX58_RS07885,NZ_CP113945.1,1644408,1645697,-,1290,100.0,99.98026224758061,99.98618357330642,complete
WP_277140932.1,NZ_CP113945.1,1644408,1645697,-,1290,100.0,99.98026224758061,99.98618357330642,complete
OZX58_RS07890,NZ_CP113945.1,1645893,1646885,+,993,100.0,99.98026224758064,99.98618357330645,complete
WP_277140933.1,NZ_CP113945.1,1645893,1646885,+,993,100.0,99.98026224758064,99.98618357330645,complete
OZX58_RS07895,NZ_CP113945.1,1647043,1647116,+,74,100.0,99.98026224758063,99.98618357330643,complete
OZX58_RS07900,NZ_CP113945.1,1647218,1648198,-,981,100.0,99.98026224758063,99.98618357330643,complete
WP_277140934.1,NZ_CP113945.1,1647218,1648198,-,981,100.0,99.98026224758063,99.98618357330643,complete
OZX58_RS07905,NZ_CP113945.1,1648297,1649229,+,933,100.0,99.98026224758061,99.98618357330642,complete
WP_277140935.1,NZ_CP113945.1,1648297,1649229,+,933,100.0,99.98026224758061,99.98618357330642,complete
OZX58_RS07910,NZ_CP113945.1,1649398,1650669,+,1272,100.0,99.98026224758063,99.98618357330643,complete
WP_277140936.1,NZ_CP113945.1,1649398,1650669,+,1272,100.0,99.98026224758063,99.98618357330643,complete
OZX58_RS07915,NZ_CP113945.1,1652315,1652671,+,357,100.0,99.98026224758063,99.98618357330643,complete
WP_277140937.1,NZ_CP113945.1,1652315,1652671,+,357,100.0,99.98026224758063,99.98618357330643,complete
OZX58_RS07920,NZ_CP113945.1,1652749,1653384,-,636,100.0,99.98026224758063,99.98618357330643,complete
WP_277140938.1,NZ_CP113945.1,1652749,1653384,-,636,100.0,99.98026224758063,99.98618357330643,complete
OZX58_RS07925,NZ_CP113945.1,1653492,1653773,-,282,100.0,99.98026224758061,99.98618357330642,complete
WP_277140939.1,NZ_CP113945.1,1653492,1653773,-,282,100.0,99.98026224758061,99.98618357330642,complete
OZX58_RS07930,NZ_CP113945.1,1653904,1655295,-,1392,100.0,99.98026224758063,99.98618357330643,complete
WP_277140940.1,NZ_CP113945.1,1653904,1655295,-,1392,100.0,99.98026224758063,99.98618357330643,complete
OZX58_RS07935,NZ_CP113945.1,1655516,1656541,-,1026,100.0,99.98026224758061,99.98618357330642,complete
WP_277141785.1,NZ_CP113945.1,1655516,1656541,-,1026,100.0,99.98026224758061,99.98618357330642,complete
OZX58_RS07940,NZ_CP113945.1,1656725,1658833,-,2109,100.0,99.98026224758063,99.98618357330643,complete
WP_277140941.1,NZ_CP113945.1,1656725,1658833,-,2109,100.0,99.98026224758063,99.98618357330643,complete
OZX58_RS07945,NZ_CP113945.1,1659035,1661575,-,2541,100.0,99.98026224758061,99.98618357330642,complete
WP_277140942.1,NZ_CP113945.1,1659035,1661575,-,2541,100.0,99.98026224758061,99.98618357330642,complete
OZX58_RS07950,NZ_CP113945.1,1661587,1662435,-,849,100.0,99.98026224758061,99.98618357330642,complete
WP_277140943.1,NZ_CP113945.1,1661587,1662435,-,849,100.0,99.98026224758061,99.98618357330642,complete
OZX58_RS07955,NZ_CP113945.1,1662422,1663735,-,1314,100.0,99.98026224758063,99.98618357330643,complete
WP_277141787.1,NZ_CP113945.1,1662422,1663735,-,1314,100.0,99.98026224758063,99.98618357330643,complete
OZX58_RS07960,NZ_CP113945.1,1663885,1664127,+,243,100.0,99.98026224758061,99.98618357330642,complete
WP_277130110.1,NZ_CP113945.1,1663885,1664127,+,243,100.0,99.98026224758061,99.98618357330642,complete
OZX58_RS07965,NZ_CP113945.1,1664173,1664925,-,753,100.0,99.98026224758063,99.98618357330643,complete
WP_277140944.1,NZ_CP113945.1,1664173,1664925,-,753,100.0,99.98026224758063,99.98618357330643,complete
OZX58_RS07970,NZ_CP113945.1,1665164,1666138,-,975,100.0,99.98026224758063,99.98618357330643,complete
WP_277140945.1,NZ_CP113945.1,1665164,1666138,-,975,100.0,99.98026224758063,99.98618357330643,complete
dltD,NZ_CP113945.1,1666138,1667445,-,1308,100.0,99.98026224758061,99.98618357330642,complete
WP_277140946.1,NZ_CP113945.1,1666138,1667445,-,1308,100.0,99.98026224758061,99.98618357330642,complete
dltC,NZ_CP113945.1,1667438,1667677,-,240,100.0,99.98026224758063,99.98618357330643,complete
WP_277130103.1,NZ_CP113945.1,1667438,1667677,-,240,100.0,99.98026224758063,99.98618357330643,complete
dltB,NZ_CP113945.1,1667706,1668938,-,1233,100.0,99.98026224758063,99.98618357330643,complete
WP_277140947.1,NZ_CP113945.1,1667706,1668938,-,1233,100.0,99.98026224758063,99.98618357330643,complete
dltA,NZ_CP113945.1,1668938,1670452,-,1515,100.0,99.98026224758061,99.98618357330642,complete
WP_277140948.1,NZ_CP113945.1,1668938,1670452,-,1515,100.0,99.98026224758061,99.98618357330642,complete
OZX58_RS07995,NZ_CP113945.1,1670468,1670620,-,153,100.0,99.98026224758063,99.98618357330643,complete
WP_277130095.1,NZ_CP113945.1,1670468,1670620,-,153,100.0,99.98026224758063,99.98618357330643,complete
OZX58_RS08000,NZ_CP113945.1,1670736,1671059,-,324,100.0,99.98026224758063,99.98618357330643,complete
WP_277130093.1,NZ_CP113945.1,1670736,1671059,-,324,100.0,99.98026224758063,99.98618357330643,complete
cbpB,NZ_CP113945.1,1671599,1672075,+,477,100.0,99.98026224758061,99.98618357330642,complete
WP_277140949.1,NZ_CP113945.1,1671599,1672075,+,477,100.0,99.98026224758061,99.98618357330642,complete
OZX58_RS08010,NZ_CP113945.1,1672346,1672912,+,567,100.0,99.98026224758063,99.98618357330643,complete
WP_277140950.1,NZ_CP113945.1,1672346,1672912,+,567,100.0,99.98026224758063,99.98618357330643,complete
OZX58_RS08015,NZ_CP113945.1,1673050,1674918,+,1869,100.0,99.98026224758063,99.98618357330643,complete
WP_277140951.1,NZ_CP113945.1,1673050,1674918,+,1869,100.0,99.98026224758063,99.98618357330643,complete
OZX58_RS08020,NZ_CP113945.1,1675059,1676219,+,1161,100.0,99.98026224758061,99.98618357330642,complete
WP_277140952.1,NZ_CP113945.1,1675059,1676219,+,1161,100.0,99.98026224758061,99.98618357330642,complete
OZX58_RS08025,NZ_CP113945.1,1676183,1676884,-,702,100.0,99.98026224758061,99.98618357330642,complete
WP_277141789.1,NZ_CP113945.1,1676183,1676884,-,702,100.0,99.98026224758061,99.98618357330642,complete
OZX58_RS08030,NZ_CP113945.1,1676968,1678059,+,1092,100.0,99.98026224758061,99.98618357330642,complete
WP_277140953.1,NZ_CP113945.1,1676968,1678059,+,1092,100.0,99.98026224758061,99.98618357330642,complete
OZX58_RS08035,NZ_CP113945.1,1678191,1680527,+,2337,100.0,99.98026224758063,99.98618357330643,complete
WP_277140954.1,NZ_CP113945.1,1678191,1680527,+,2337,100.0,99.98026224758063,99.98618357330643,complete
OZX58_RS08040,NZ_CP113945.1,1680611,1680883,+,273,100.0,99.98026224758061,99.98618357330642,complete
WP_277140955.1,NZ_CP113945.1,1680611,1680883,+,273,100.0,99.98026224758061,99.98618357330642,complete
OZX58_RS08045,NZ_CP113945.1,1680964,1681677,+,714,100.0,99.98026224758063,99.98618357330643,complete
WP_277140956.1,NZ_CP113945.1,1680964,1681677,+,714,100.0,99.98026224758063,99.98618357330643,complete
amaP,NZ_CP113945.1,1681826,1682380,+,555,100.0,99.98026224758061,99.98618357330642,complete
WP_277140957.1,NZ_CP113945.1,1681826,1682380,+,555,100.0,99.98026224758061,99.98618357330642,complete
OZX58_RS08055,NZ_CP113945.1,1682392,1682571,+,180,100.0,99.98026224758061,99.98618357330642,complete
WP_277130070.1,NZ_CP113945.1,1682392,1682571,+,180,100.0,99.98026224758061,99.98618357330642,complete
OZX58_RS08060,NZ_CP113945.1,1682593,1683084,+,492,100.0,99.98026224758063,99.98618357330643,complete
WP_277140958.1,NZ_CP113945.1,1682593,1683084,+,492,100.0,99.98026224758063,99.98618357330643,complete
OZX58_RS08065,NZ_CP113945.1,1683244,1683867,+,624,100.0,99.98026224758061,99.98618357330642,complete
WP_277140959.1,NZ_CP113945.1,1683244,1683867,+,624,100.0,99.98026224758061,99.98618357330642,complete
OZX58_RS08070,NZ_CP113945.1,1683889,1685097,+,1209,100.0,99.98026224758061,99.98618357330642,complete
WP_277140960.1,NZ_CP113945.1,1683889,1685097,+,1209,100.0,99.98026224758061,99.98618357330642,complete
OZX58_RS08075,NZ_CP113945.1,1685116,1685760,+,645,100.0,99.98026224758061,99.98618357330642,complete
WP_277140961.1,NZ_CP113945.1,1685116,1685760,+,645,100.0,99.98026224758061,99.98618357330642,complete
OZX58_RS08080,NZ_CP113945.1,1685849,1686373,-,525,100.0,99.98026224758063,99.98618357330643,complete
WP_277140962.1,NZ_CP113945.1,1685849,1686373,-,525,100.0,99.98026224758063,99.98618357330643,complete
OZX58_RS08085,NZ_CP113945.1,1686508,1687146,+,639,100.0,99.98026224758061,99.98618357330642,complete
WP_277140963.1,NZ_CP113945.1,1686508,1687146,+,639,100.0,99.98026224758061,99.98618357330642,complete
OZX58_RS08090,NZ_CP113945.1,1687395,1688045,+,651,100.0,99.98026224758061,99.98618357330642,complete
WP_277130057.1,NZ_CP113945.1,1687395,1688045,+,651,100.0,99.98026224758061,99.98618357330642,complete
OZX58_RS08095,NZ_CP113945.1,1688058,1688744,+,687,100.0,99.98026224758061,99.98618357330642,complete
WP_277140964.1,NZ_CP113945.1,1688058,1688744,+,687,100.0,99.98026224758061,99.98618357330642,complete
OZX58_RS08100,NZ_CP113945.1,1689241,1689882,+,642,100.0,99.98026224758061,99.98618357330642,complete
WP_277130053.1,NZ_CP113945.1,1689241,1689882,+,642,100.0,99.98026224758061,99.98618357330642,complete
OZX58_RS08105,NZ_CP113945.1,1689897,1690550,+,654,100.0,99.9802622475806,99.98618357330642,complete
WP_277140965.1,NZ_CP113945.1,1689897,1690550,+,654,100.0,99.9802622475806,99.98618357330642,complete
OZX58_RS08110,NZ_CP113945.1,1690551,1691396,+,846,100.0,99.98026224758063,99.98618357330643,complete
WP_277140966.1,NZ_CP113945.1,1690551,1691396,+,846,100.0,99.98026224758063,99.98618357330643,complete
OZX58_RS08115,NZ_CP113945.1,1691397,1692194,-,798,100.0,99.98026224758061,99.98618357330642,complete
WP_277141791.1,NZ_CP113945.1,1691397,1692194,-,798,100.0,99.98026224758061,99.98618357330642,complete
OZX58_RS08120,NZ_CP113945.1,1692402,1693709,+,1308,100.0,99.98026224758061,99.98618357330642,complete
WP_277140967.1,NZ_CP113945.1,1692402,1693709,+,1308,100.0,99.98026224758061,99.98618357330642,complete
OZX58_RS08125,NZ_CP113945.1,1693843,1695153,+,1311,100.0,99.98026224758063,99.98618357330643,complete
WP_277140968.1,NZ_CP113945.1,1693843,1695153,+,1311,100.0,99.98026224758063,99.98618357330643,complete
OZX58_RS08130,NZ_CP113945.1,1695283,1696602,+,1320,100.0,99.98026224758063,99.98618357330643,complete
WP_277140969.1,NZ_CP113945.1,1695283,1696602,+,1320,100.0,99.98026224758063,99.98618357330643,complete
gndA,NZ_CP113945.1,1696652,1698037,-,1386,100.0,99.98026224758061,99.98618357330642,complete
WP_277140970.1,NZ_CP113945.1,1696652,1698037,-,1386,100.0,99.98026224758061,99.98618357330642,complete
spxB,NZ_CP113945.1,1698155,1699933,-,1779,100.0,99.98026224758061,99.98618357330642,complete
WP_277130040.1,NZ_CP113945.1,1698155,1699933,-,1779,100.0,99.98026224758061,99.98618357330642,complete
spxB,NZ_CP113945.1,1700263,1702071,-,1809,100.0,99.98026224758064,99.98618357330645,complete
WP_277130038.1,NZ_CP113945.1,1700263,1702071,-,1809,100.0,99.98026224758064,99.98618357330645,complete
mnmG,NZ_CP113945.1,1702320,1704218,-,1899,100.0,99.98026224758061,99.98618357330642,complete
WP_277140971.1,NZ_CP113945.1,1702320,1704218,-,1899,100.0,99.98026224758061,99.98618357330642,complete
mnmE,NZ_CP113945.1,1704233,1705618,-,1386,100.0,99.98026224758061,99.98618357330642,complete
WP_277140972.1,NZ_CP113945.1,1704233,1705618,-,1386,100.0,99.98026224758061,99.98618357330642,complete
yidC,NZ_CP113945.1,1705735,1706604,-,870,100.0,99.98026224758061,99.98618357330642,complete
WP_277140973.1,NZ_CP113945.1,1705735,1706604,-,870,100.0,99.98026224758061,99.98618357330642,complete
rnpA,NZ_CP113945.1,1706606,1706974,-,369,100.0,99.98026224758061,99.98618357330642,complete
WP_277140974.1,NZ_CP113945.1,1706606,1706974,-,369,100.0,99.98026224758061,99.98618357330642,complete
rpmH,NZ_CP113945.1,1707026,1707166,-,141,100.0,99.98026224758063,99.98618357330643,complete
WP_003549412.1,NZ_CP113945.1,1707026,1707166,-,141,100.0,99.98026224758063,99.98618357330643,complete
dnaA,NZ_CP113945.1,1707635,1709002,+,1362,100.0,99.9802622475806,99.98618357330642,complete
WP_277140975.1,NZ_CP113945.1,1707635,1709002,+,1362,100.0,99.9802622475806,99.98618357330642,complete
